1713363269145,2024-04-17T17:14:29,0.2,0.030785417,0.0030594738,0.00329848450
1713363269275,2024-04-17T17:14:29,0.33,0.031808950,0.0058952900,0.00197303460
1713363269495,2024-04-17T17:14:29,0.55,0.032443587,0.0017212603,0.00704717730
1713363269735,2024-04-17T17:14:29,0.79,0.033793970,0.0051517220,0.00566745100
1713363269935,2024-04-17T17:14:29,0.99,0.032183256,0.0041751484,0.00592461040
1713363270025,2024-04-17T17:14:30,1.08,0.031137940,0.0036868432,0.00481182900
1713363269145,2024-04-17T17:14:29,0.2,0.030785417,0.0030594738,0.00329848450
1713363269275,2024-04-17T17:14:29,0.33,0.031808950,0.0058952900,0.00197303460
1713363270525,2024-04-17T17:14:30,1.58,0.033284200,0.0024322383,0.00779530400
1713363269735,2024-04-17T17:14:29,0.79,0.033793970,0.0051517220,0.00566745100
1713363269935,2024-04-17T17:14:29,0.99,0.032183256,0.0041751484,0.00592461040
1713363270025,2024-04-17T17:14:30,1.08,0.031137940,0.0036868432,0.00481182900
1713363271265,2024-04-17T17:14:31,2.32,0.034020750,0.0052732085,0.00361856300
1713363271315,2024-04-17T17:14:31,2.37,0.033044190,0.0038083664,0.00117715930
1713363271515,2024-04-17T17:14:31,2.57,0.032692640,0.0023435240,0.00342502800
1713363271585,2024-04-17T17:14:31,2.64,0.031313375,0.0042966470,0.00104841540
1713363271615,2024-04-17T17:14:31,2.67,0.033266500,0.0033200856,0.00153669620
1713363271745,2024-04-17T17:14:31,2.8,0.032846875,0.0047848793,0.00119569710
1713363271905,2024-04-17T17:14:31,2.96,0.035776560,0.0047848793,-0.00075700000
1713363272185,2024-04-17T17:14:32,3.24,0.034799997,0.0038083177,0.00217225870
1713363272205,2024-04-17T17:14:32,3.26,0.029428909,0.0033200370,0.00363710100
1713363272305,2024-04-17T17:14:32,3.36,0.033360247,0.0082028440,0.00156006000
1713363272365,2024-04-17T17:14:32,3.42,0.034825087,0.0062497095,-0.00136962460
1713363272405,2024-04-17T17:14:32,3.46,0.032871965,0.0047848670,0.00009520000
1713363271515,2024-04-17T17:14:31,2.57,0.032692640,0.0023435240,0.00342502800
1713363271585,2024-04-17T17:14:31,2.64,0.031313375,0.0042966470,0.00104841540
1713363271615,2024-04-17T17:14:31,2.67,0.033266500,0.0033200856,0.00153669620
1713363271745,2024-04-17T17:14:31,2.8,0.032846875,0.0047848793,0.00119569710
1713363271905,2024-04-17T17:14:31,2.96,0.035776560,0.0047848793,-0.00075700000
1713363273095,2024-04-17T17:14:33,4.15,0.035298100,-0.0014594208,-0.00039300000
1713363273175,2024-04-17T17:14:33,4.23,0.032856695,0.0004940000,0.00204830430
1713363273235,2024-04-17T17:14:33,4.29,0.032368414,-0.0009710000,0.00156002350
1713363273365,2024-04-17T17:14:33,4.42,0.035298100,-0.0014594208,-0.00039309960
1713363273635,2024-04-17T17:14:33,4.69,0.034321540,-0.0014594208,-0.00039300000
1713363273685,2024-04-17T17:14:33,4.74,0.036762940,-0.0019477016,0.00107174270
1713363273785,2024-04-17T17:14:33,4.84,0.035786383,-0.0053656670,-0.00185794190
1713363273865,2024-04-17T17:14:33,4.92,0.034321540,-0.0034125438,-0.00185794190
1713363273885,2024-04-17T17:14:33,4.94,0.034321540,-0.0029242630,-0.00234622280
1713363273635,2024-04-17T17:14:33,4.69,0.034321540,-0.0014594208,-0.00039300000
1713363273685,2024-04-17T17:14:33,4.74,0.036762940,-0.0019477016,0.00107174270
1713363273785,2024-04-17T17:14:33,4.84,0.035786383,-0.0053656670,-0.00185794190
1713363273865,2024-04-17T17:14:33,4.92,0.034321540,-0.0034125438,-0.00185794190
1713363273885,2024-04-17T17:14:33,4.94,0.034321540,-0.0029242630,-0.00234622280
1713363273985,2024-04-17T17:14:33,5.04,0.036274660,-0.0034125438,-0.00136966110
1713363275045,2024-04-17T17:14:35,6.1,0.034254536,-0.0019502908,-0.00150186940
1713363275395,2024-04-17T17:14:35,6.45,0.034244520,-0.0033088536,-0.00690507380
1713363275635,2024-04-17T17:14:35,6.69,0.034287114,-0.0028205605,-0.00369343180
1713363275875,2024-04-17T17:14:35,6.93,0.035376094,-0.0072150880,-0.00423844440
1713363276055,2024-04-17T17:14:36,7.11,0.036561444,-0.0057502940,-0.00036400000
1713363276155,2024-04-17T17:14:36,7.21,0.032066850,-0.0011418462,-0.00165260340
1713363276255,2024-04-17T17:14:36,7.31,0.035973098,-0.0050481046,-0.00507056900
1713363276345,2024-04-17T17:14:36,7.4,0.035484817,-0.0060246660,-0.00507056900
1713363276355,2024-04-17T17:14:36,7.41,0.035484817,-0.0035832622,-0.00409400740
1713363276455,2024-04-17T17:14:36,7.51,0.033531692,-0.0035832622,-0.00653541100
1713363276535,2024-04-17T17:14:36,7.59,0.035973098,-0.0026067006,-0.00897681500
1713363276675,2024-04-17T17:14:36,7.73,0.033197160,-0.0084670910,-0.00212391440
1713363276725,2024-04-17T17:14:36,7.78,0.037698466,-0.0062323753,-0.00562107600
1713363276845,2024-04-17T17:14:36,7.9,0.037252100,-0.0016162570,-0.00898007300
1713363276935,2024-04-17T17:14:36,7.99,0.034298588,-0.0043924483,-0.01061049100
1713363276945,2024-04-17T17:14:36,8,0.032775104,-0.0007680000,-0.00754656880
1713363277045,2024-04-17T17:14:37,8.1,0.036564070,-0.0043657175,-0.00929311300
1713363277105,2024-04-17T17:14:37,8.16,0.037067620,-0.0078869965,-0.00489853740
1713363277205,2024-04-17T17:14:37,8.26,0.037876330,-0.0071056110,-0.00929311300
1713363277265,2024-04-17T17:14:37,8.32,0.039732790,-0.0057806230,-0.01026973600
1713363277425,2024-04-17T17:14:37,8.48,0.037964050,-0.0045241583,-0.01116323600
1713363277895,2024-04-17T17:14:37,8.95,0.029667651,-0.0023681156,0.00032300000
1713363277935,2024-04-17T17:14:37,8.99,0.048310526,-0.0039666006,-0.01681812900
1713363278035,2024-04-17T17:14:38,9.09,0.028675920,-0.0173954760,-0.00638433700
1713363278065,2024-04-17T17:14:38,9.12,0.021928484,-0.0050141043,0.00695046460
1713363277895,2024-04-17T17:14:37,8.95,0.029667651,-0.0023681156,0.00032300000
1713363277935,2024-04-17T17:14:37,8.99,0.048310526,-0.0039666006,-0.01681812900
1713363278035,2024-04-17T17:14:38,9.09,0.028675920,-0.0173954760,-0.00638433700
1713363278065,2024-04-17T17:14:38,9.12,0.021928484,-0.0050141043,0.00695046460
1713363279285,2024-04-17T17:14:39,10.34,0.305406930,-0.1948506200,0.18525623000
1713363279465,2024-04-17T17:14:39,10.52,0.067595140,-0.0096383300,-0.03124591000
1713363279635,2024-04-17T17:14:39,10.69,0.041321527,-0.0065325424,0.01013721150
1713363279695,2024-04-17T17:14:39,10.75,0.039542770,-0.0083898400,-0.01133137700
1713363279885,2024-04-17T17:14:39,10.94,0.038711105,0.0041310710,-0.02748289700
1713363280005,2024-04-17T17:14:40,11.06,0.202758480,0.2013890300,0.06874224500
1713363281415,2024-04-17T17:14:41,12.47,0.053339690,0.0229551160,-0.03940520000
1713363281585,2024-04-17T17:14:41,12.64,0.323382020,0.3313675000,0.03536367400
1713363281685,2024-04-17T17:14:41,12.74,1.034802200,0.8281349000,-0.04734143200
1713363281735,2024-04-17T17:14:41,12.79,0.629083900,1.9166093000,-0.55694740000
1713363281785,2024-04-17T17:14:41,12.84,0.291733470,1.3012474000,-0.22162127000
1713363281875,2024-04-17T17:14:41,12.93,-0.164633140,0.9786553000,0.01303166800
1713363282015,2024-04-17T17:14:42,13.07,0.972422300,-0.1593552100,0.20160766000
1713363282295,2024-04-17T17:14:42,13.35,0.244553600,-0.0019191107,-0.17522736000
1713363282375,2024-04-17T17:14:42,13.43,0.053807840,0.0138995680,0.00313978830
1713363282475,2024-04-17T17:14:42,13.53,0.024560202,0.0075917034,-0.02522817300
1713363282575,2024-04-17T17:14:42,13.63,0.041501920,0.0138406595,-0.03660527000
1713363282635,2024-04-17T17:14:42,13.69,0.046072464,0.0021790904,0.06600025000
1713363282675,2024-04-17T17:14:42,13.73,0.037295956,0.0049818910,0.00996819500
1713363282815,2024-04-17T17:14:42,13.87,0.034212230,0.0297819250,-0.01931136700
1713363282885,2024-04-17T17:14:42,13.94,0.298650260,0.2718678700,0.29454553000
1713363282955,2024-04-17T17:14:42,14.01,0.574516700,0.5769430000,0.09883141500
1713363283115,2024-04-17T17:14:43,14.17,-0.187195180,1.0792366000,-0.24309710000
1713363283265,2024-04-17T17:14:43,14.32,0.302600860,0.4638233800,-0.13825497000
1713363283495,2024-04-17T17:14:43,14.55,0.305290130,-1.5059929000,0.13127415000
1713363283605,2024-04-17T17:14:43,14.66,-0.507245660,-0.3554326300,0.64959234000
1713363283715,2024-04-17T17:14:43,14.77,0.085844060,-0.1261108400,0.14130354000
1713363283885,2024-04-17T17:14:43,14.94,0.069516170,0.0087254420,-0.04562750500
1713363284025,2024-04-17T17:14:44,15.08,0.029614262,0.0007300000,0.02416633600
1713363284155,2024-04-17T17:14:44,15.21,0.037497260,0.0202296400,0.00147134580
1713363284195,2024-04-17T17:14:44,15.25,0.053085778,0.0217911950,-0.00855618250
1713363284255,2024-04-17T17:14:44,15.31,0.094456220,0.0233188350,-0.00577965050
1713363284325,2024-04-17T17:14:44,15.38,0.326689300,0.3078372200,0.20587745000
1713363284435,2024-04-17T17:14:44,15.49,0.916885700,0.6711764000,-0.05526226800
1713363283605,2024-04-17T17:14:43,14.66,-0.507245660,-0.3554326300,0.64959234000
1713363283715,2024-04-17T17:14:43,14.77,0.085844060,-0.1261108400,0.14130354000
1713363283885,2024-04-17T17:14:43,14.94,0.069516170,0.0087254420,-0.04562750500
1713363284025,2024-04-17T17:14:44,15.08,0.029614262,0.0007300000,0.02416633600
1713363284155,2024-04-17T17:14:44,15.21,0.037497260,0.0202296400,0.00147134580
1713363284195,2024-04-17T17:14:44,15.25,0.053085778,0.0217911950,-0.00855618250
1713363284255,2024-04-17T17:14:44,15.31,0.094456220,0.0233188350,-0.00577965050
1713363284325,2024-04-17T17:14:44,15.38,0.326689300,0.3078372200,0.20587745000
1713363285635,2024-04-17T17:14:45,16.69,0.039010726,-0.0047823386,0.01762423100
1713363285715,2024-04-17T17:14:45,16.77,0.042197436,-0.0041942694,-0.00393471260
1713363285775,2024-04-17T17:14:45,16.83,0.027876446,-0.0020867353,0.00280625000
1713363285885,2024-04-17T17:14:45,16.94,0.115945530,0.0987953200,0.05323529000
1713363286165,2024-04-17T17:14:46,17.22,0.291119550,0.7219685000,-0.12160838000
1713363286325,2024-04-17T17:14:46,17.38,-0.280703570,0.2603043600,0.23805230000
1713363286425,2024-04-17T17:14:46,17.48,0.406098000,-0.4195244600,0.15683353000
1713363286485,2024-04-17T17:14:46,17.54,0.497302260,-0.7011894600,0.02765805300
1713363286525,2024-04-17T17:14:46,17.58,0.361081840,-0.7028346000,0.03822147500
1713363287035,2024-04-17T17:14:47,18.09,0.037970760,0.0028858867,0.01412373500
1713363287115,2024-04-17T17:14:47,18.17,0.029980887,-0.0001270000,0.01804339000
1713363287705,2024-04-17T17:14:47,18.76,0.033017155,-0.0039211130,0.01038605600
1713363287905,2024-04-17T17:14:47,18.96,0.034805443,0.0033271238,0.00859606500
1713363287985,2024-04-17T17:14:47,19.04,0.031243648,-0.0021936533,0.01409911900
1713363288005,2024-04-17T17:14:48,19.06,0.028352475,0.0012243245,0.00846762600
1713363288265,2024-04-17T17:14:48,19.32,0.031480156,0.0041323835,0.00490575840
1713363288535,2024-04-17T17:14:48,19.59,0.030078037,0.0021792483,0.01095319300
1713363288695,2024-04-17T17:14:48,19.75,0.031195024,0.0046206643,0.00902208400
1713363288795,2024-04-17T17:14:48,19.85,0.031195024,0.0007140000,0.00609239940
1713363288885,2024-04-17T17:14:48,19.94,0.031195024,0.0041323835,0.01048692600
1713363288895,2024-04-17T17:14:48,19.95,0.028753622,0.0036441027,0.01048692600
1713363289135,2024-04-17T17:14:49,20.19,0.030124035,0.0054933530,0.01018640700
1713363289235,2024-04-17T17:14:49,20.29,0.031100597,0.0045167916,0.00969812550
1713363289345,2024-04-17T17:14:49,20.4,0.030629140,0.0050050723,0.00764105700
1713363289455,2024-04-17T17:14:49,20.51,0.032093983,0.0069581955,0.00959418000
1713363288535,2024-04-17T17:14:48,19.59,0.030078037,0.0021792483,0.01095319300
1713363288695,2024-04-17T17:14:48,19.75,0.031195024,0.0046206643,0.00902208400
1713363288795,2024-04-17T17:14:48,19.85,0.031195024,0.0007140000,0.00609239940
1713363288885,2024-04-17T17:14:48,19.94,0.031195024,0.0041323835,0.01048692600
1713363288895,2024-04-17T17:14:48,19.95,0.028753622,0.0036441027,0.01048692600
1713363289135,2024-04-17T17:14:49,20.19,0.030124035,0.0054933530,0.01018640700
1713363289235,2024-04-17T17:14:49,20.29,0.031100597,0.0045167916,0.00969812550
1713363289345,2024-04-17T17:14:49,20.4,0.030629140,0.0050050723,0.00764105700
1713363290645,2024-04-17T17:14:50,21.7,0.032558534,0.0020359051,0.00544211600
1713363290675,2024-04-17T17:14:50,21.73,0.031665705,-0.0008940000,0.00542125600
1713363290705,2024-04-17T17:14:50,21.76,0.033200856,-0.0008940000,0.00792485000
1713363290865,2024-04-17T17:14:50,21.92,0.033506118,0.0005710000,0.00706260330
1713363290965,2024-04-17T17:14:50,22.02,0.030167894,0.0005710000,0.00219035900
1713363291085,2024-04-17T17:14:51,22.14,0.031670857,0.0005710000,0.00391650570
1713363291195,2024-04-17T17:14:51,22.25,0.033643138,-0.0004060000,0.00526703340
1713363291265,2024-04-17T17:14:51,22.32,0.031373184,0.0010593437,0.00717893570
1713363291305,2024-04-17T17:14:51,22.36,0.032022797,0.0005710000,0.00573771260
1713363291365,2024-04-17T17:14:51,22.42,0.032796500,0.0004670000,0.00415954000
1713363291415,2024-04-17T17:14:51,22.47,0.032614745,0.0020675228,0.00025500000
1713363291635,2024-04-17T17:14:51,22.69,0.031784054,0.0020675228,0.00527381660
1713363291745,2024-04-17T17:14:51,22.8,0.032760616,0.0040206457,0.00234413200
1713363291955,2024-04-17T17:14:51,23.01,0.028872458,0.0020675228,0.00565840680
1713363291975,2024-04-17T17:14:51,23.03,0.027861373,-0.0013505033,0.01610946100
1713363292055,2024-04-17T17:14:52,23.11,0.028316006,0.0041348636,0.00682990160
1713363292085,2024-04-17T17:14:52,23.14,0.032847070,0.0011409710,0.00119146680
1713363292155,2024-04-17T17:14:52,23.21,0.032508355,-0.0003240000,0.00076600000
1713363292235,2024-04-17T17:14:52,23.29,0.030795920,-0.0003450000,0.00716372860
1713363292355,2024-04-17T17:14:52,23.41,0.030448260,0.0026910873,0.00099600000
1713363292395,2024-04-17T17:14:52,23.45,0.031279728,0.0005770000,0.00358089180
1713363291635,2024-04-17T17:14:51,22.69,0.031784054,0.0020675228,0.00527381660
1713363291745,2024-04-17T17:14:51,22.8,0.032760616,0.0040206457,0.00234413200
1713363291955,2024-04-17T17:14:51,23.01,0.028872458,0.0020675228,0.00565840680
1713363291975,2024-04-17T17:14:51,23.03,0.027861373,-0.0013505033,0.01610946100
1713363292055,2024-04-17T17:14:52,23.11,0.028316006,0.0041348636,0.00682990160
1713363292085,2024-04-17T17:14:52,23.14,0.032847070,0.0011409710,0.00119146680
1713363292155,2024-04-17T17:14:52,23.21,0.032508355,-0.0003240000,0.00076600000
1713363292235,2024-04-17T17:14:52,23.29,0.030795920,-0.0003450000,0.00716372860
1713363292355,2024-04-17T17:14:52,23.41,0.030448260,0.0026910873,0.00099600000
1713363293535,2024-04-17T17:14:53,24.59,0.035416353,-0.0020185465,-0.00148222540
1713363293555,2024-04-17T17:14:53,24.61,0.032857668,-0.0050316453,0.00079300000
1713363293665,2024-04-17T17:14:53,24.72,0.033444267,-0.0033762704,-0.00216585260
1713363293885,2024-04-17T17:14:53,24.94,0.031575263,-0.0055709080,-0.00082000000
1713363294055,2024-04-17T17:14:54,25.11,0.034194340,-0.0097233980,0.00168713850
1713363294225,2024-04-17T17:14:54,25.28,0.035193850,-0.0051912777,-0.00345167400
1713363294285,2024-04-17T17:14:54,25.34,0.033240728,-0.0037264351,-0.00345167400
1713363294325,2024-04-17T17:14:54,25.38,0.030799324,-0.0032381543,-0.00198683170
1713363294455,2024-04-17T17:14:54,25.51,0.035133947,-0.0042146550,-0.00409620770
1713363294565,2024-04-17T17:14:54,25.62,0.035466436,-0.0036458776,-0.00718545100
1713363294625,2024-04-17T17:14:54,25.68,0.035131905,-0.0037818542,-0.00747740130
1713363294675,2024-04-17T17:14:54,25.73,0.034864377,-0.0025461882,-0.00513001160
1713363294785,2024-04-17T17:14:54,25.84,0.035057510,-0.0060580710,-0.00273054560
1713363294895,2024-04-17T17:14:54,25.95,0.030827040,-0.0060580830,-0.00366476800
1713363295015,2024-04-17T17:14:55,26.07,0.032942954,-0.0041050080,-0.00019300000
1713363295115,2024-04-17T17:14:55,26.17,0.032924670,-0.0045932890,-0.00741335140
1713363295135,2024-04-17T17:14:55,26.19,0.036830917,-0.0050815700,-0.00790163200
1713363295215,2024-04-17T17:14:55,26.27,0.037700895,-0.0072737886,-0.00604203700
1713363295245,2024-04-17T17:14:55,26.3,0.035680965,-0.0051142210,-0.00974193600
1713363294565,2024-04-17T17:14:54,25.62,0.035466436,-0.0036458776,-0.00718545100
1713363294625,2024-04-17T17:14:54,25.68,0.035131905,-0.0037818542,-0.00747740130
1713363294675,2024-04-17T17:14:54,25.73,0.034864377,-0.0025461882,-0.00513001160
1713363294785,2024-04-17T17:14:54,25.84,0.035057510,-0.0060580710,-0.00273054560
1713363294895,2024-04-17T17:14:54,25.95,0.030827040,-0.0060580830,-0.00366476800
1713363295015,2024-04-17T17:14:55,26.07,0.032942954,-0.0041050080,-0.00019300000
1713363295115,2024-04-17T17:14:55,26.17,0.032924670,-0.0045932890,-0.00741335140
1713363295135,2024-04-17T17:14:55,26.19,0.036830917,-0.0050815700,-0.00790163200
1713363295215,2024-04-17T17:14:55,26.27,0.037700895,-0.0072737886,-0.00604203700
1713363295245,2024-04-17T17:14:55,26.3,0.035680965,-0.0051142210,-0.00974193600
1713363295315,2024-04-17T17:14:55,26.37,0.035660833,-0.0090204915,-0.00816281500
1713363295395,2024-04-17T17:14:55,26.45,0.036505820,-0.0080439540,-0.00692701570
1713363295415,2024-04-17T17:14:55,26.47,0.036505820,-0.0080439540,-0.01132155500
1713363295495,2024-04-17T17:14:55,26.55,0.037077926,-0.0046259887,-0.00691625760
1713363295555,2024-04-17T17:14:55,26.61,0.035721127,-0.0095088080,-0.01387637400
1713363295735,2024-04-17T17:14:55,26.79,0.037572920,-0.0065791240,-0.01068292900
1713363295905,2024-04-17T17:14:55,26.96,0.038509414,-0.0024536084,-0.00817680600
1713363295965,2024-04-17T17:14:55,27.02,0.035386790,-0.0048399214,-0.00943234750
1713363296005,2024-04-17T17:14:56,27.06,0.040444743,-0.0088075310,-0.00895694000
1713363296135,2024-04-17T17:14:56,27.19,0.035041270,-0.0025480117,-0.00740041720
1713363296205,2024-04-17T17:14:56,27.26,0.033891800,-0.0055101650,-0.00774743360
1713363296255,2024-04-17T17:14:56,27.31,0.033437654,-0.0042780973,-0.00724623100
1713363296365,2024-04-17T17:14:56,27.42,0.037770625,-0.0032943636,-0.00830487000
1713363296475,2024-04-17T17:14:56,27.53,0.034828490,-0.0048112944,-0.00761957750
1713363296595,2024-04-17T17:14:56,27.65,0.036700510,-0.0038675417,-0.00454135900
1713363296695,2024-04-17T17:14:56,27.75,0.034710140,-0.0005550000,-0.00270230740
1713363296715,2024-04-17T17:14:56,27.77,0.035658013,-0.0029267794,-0.00602627100
1713363296825,2024-04-17T17:14:56,27.88,0.034535777,-0.0039771640,-0.00315534800
1713363294565,2024-04-17T17:14:54,25.62,0.035466436,-0.0036458776,-0.00718545100
1713363294625,2024-04-17T17:14:54,25.68,0.035131905,-0.0037818542,-0.00747740130
1713363294675,2024-04-17T17:14:54,25.73,0.034864377,-0.0025461882,-0.00513001160
1713363294785,2024-04-17T17:14:54,25.84,0.035057510,-0.0060580710,-0.00273054560
1713363294895,2024-04-17T17:14:54,25.95,0.030827040,-0.0060580830,-0.00366476800
1713363295015,2024-04-17T17:14:55,26.07,0.032942954,-0.0041050080,-0.00019300000
1713363295115,2024-04-17T17:14:55,26.17,0.032924670,-0.0045932890,-0.00741335140
1713363295135,2024-04-17T17:14:55,26.19,0.036830917,-0.0050815700,-0.00790163200
1713363295215,2024-04-17T17:14:55,26.27,0.037700895,-0.0072737886,-0.00604203700
1713363295245,2024-04-17T17:14:55,26.3,0.035680965,-0.0051142210,-0.00974193600
1713363297485,2024-04-17T17:14:57,28.54,0.035488706,-0.0033280842,-0.00480832800
1713363297545,2024-04-17T17:14:57,28.6,0.034186948,-0.0041036470,-0.00111929690
1713363297585,2024-04-17T17:14:57,28.64,0.034279723,-0.0037164064,-0.00600206800
1713363297485,2024-04-17T17:14:57,28.54,0.035488706,-0.0033280842,-0.00480832800
1713363297545,2024-04-17T17:14:57,28.6,0.034186948,-0.0041036470,-0.00111929690
1713363298815,2024-04-17T17:14:58,29.87,0.033870503,-0.0009380000,-0.00588702400
1713363299055,2024-04-17T17:14:59,30.11,0.034847066,-0.0019145887,-0.00588702400
1713363299065,2024-04-17T17:14:59,30.12,0.036311906,-0.0028911503,-0.00881670900
1713363299165,2024-04-17T17:14:59,30.22,0.033870503,-0.0014263080,-0.00735186650
1713363299365,2024-04-17T17:14:59,30.42,0.032926716,-0.0006560000,-0.00735195170
1713363299415,2024-04-17T17:14:59,30.47,0.033414997,-0.0026095938,-0.00784023200
1713363299475,2024-04-17T17:14:59,30.53,0.033903275,-0.0011447514,-0.01174649000
1713363299585,2024-04-17T17:14:59,30.64,0.032926716,0.0003200000,-0.00832851300
1713363299815,2024-04-17T17:14:59,30.87,0.035675910,0.0026581082,-0.01266683100
1713363299855,2024-04-17T17:14:59,30.91,0.035187628,0.0017248098,-0.01319122700
1713363299955,2024-04-17T17:14:59,31.01,0.036164187,0.0007900000,-0.01273739600
1713363300045,2024-04-17T17:15:00,31.1,0.036672015,0.0003010000,-0.00746958470
1713363300055,2024-04-17T17:15:00,31.11,0.035207175,0.0003010000,-0.00893443900
1713363300105,2024-04-17T17:15:00,31.16,0.034718893,-0.0006750000,-0.00991100100
1713363300315,2024-04-17T17:15:00,31.37,0.032305300,0.0027427017,-0.01249713400
1713363300565,2024-04-17T17:15:00,31.62,0.035813514,0.0012778350,-0.01160364600
1713363300645,2024-04-17T17:15:00,31.7,0.034983408,-0.0001870000,-0.00845149500
1713363300745,2024-04-17T17:15:00,31.8,0.035574283,-0.0011635689,-0.00946661550
1713363300795,2024-04-17T17:15:00,31.85,0.036062565,-0.0016518497,-0.00800177300
1713363300845,2024-04-17T17:15:00,31.9,0.034597720,-0.0026284112,-0.01044317700
1713363300905,2024-04-17T17:15:00,31.96,0.034597720,-0.0016518497,-0.00995489600
1713363300945,2024-04-17T17:15:00,32,0.037039127,-0.0011635689,-0.01239630000
1713363300315,2024-04-17T17:15:00,31.37,0.032305300,0.0027427017,-0.01249713400
1713363300565,2024-04-17T17:15:00,31.62,0.035813514,0.0012778350,-0.01160364600
1713363300645,2024-04-17T17:15:00,31.7,0.034983408,-0.0001870000,-0.00845149500
1713363300745,2024-04-17T17:15:00,31.8,0.035574283,-0.0011635689,-0.00946661550
1713363300795,2024-04-17T17:15:00,31.85,0.036062565,-0.0016518497,-0.00800177300
1713363300845,2024-04-17T17:15:00,31.9,0.034597720,-0.0026284112,-0.01044317700
1713363300905,2024-04-17T17:15:00,31.96,0.034597720,-0.0016518497,-0.00995489600
1713363302085,2024-04-17T17:15:02,33.14,0.037551230,-0.0016169986,-0.01014968300
1713363302195,2024-04-17T17:15:02,33.25,0.034543943,-0.0002610000,-0.01103776100
1713363302225,2024-04-17T17:15:02,33.28,0.033511950,-0.0001810000,-0.00740379650
1713363302315,2024-04-17T17:15:02,33.37,0.031731440,0.0010031953,-0.00791952600
1713363302425,2024-04-17T17:15:02,33.48,0.035365492,-0.0038015954,-0.00747093400
1713363302445,2024-04-17T17:15:02,33.5,0.032338753,-0.0019300146,-0.00779029540
1713363302505,2024-04-17T17:15:02,33.56,0.036039613,-0.0012474693,-0.00914060400
1713363302525,2024-04-17T17:15:02,33.58,0.034506116,-0.0012889941,-0.00719070250
1713363302605,2024-04-17T17:15:02,33.66,0.033859126,-0.0023891453,-0.01037099500
1713363302705,2024-04-17T17:15:02,33.76,0.034184515,0.0008040000,-0.00622167760
1713363302765,2024-04-17T17:15:02,33.82,0.035368120,0.0053190244,-0.01393540300
1713363302935,2024-04-17T17:15:02,33.99,0.031994984,-0.0001140000,-0.00774705700
1713363303015,2024-04-17T17:15:03,34.07,0.033552796,-0.0030674238,-0.00712207000
1713363303115,2024-04-17T17:15:03,34.17,0.035591690,-0.0029890423,-0.00558346560
1713363303155,2024-04-17T17:15:03,34.21,0.032486476,-0.0029692159,-0.00565671730
1713363303215,2024-04-17T17:15:03,34.27,0.038747184,-0.0038787250,-0.01160121400
1713363303285,2024-04-17T17:15:03,34.34,0.033466730,-0.0058318726,-0.00182355270
1713363303315,2024-04-17T17:15:03,34.37,0.035811666,-0.0004610000,-0.00717541060
1713363303395,2024-04-17T17:15:03,34.45,0.038927678,-0.0009690000,-0.01044773500
1713363303455,2024-04-17T17:15:03,34.51,0.035935365,-0.0009690000,-0.00865129000
1713363303565,2024-04-17T17:15:03,34.62,0.033997800,-0.0035135478,-0.01011607200
1713363303795,2024-04-17T17:15:03,34.85,0.034372788,-0.0003520000,-0.01174905500
1713363303115,2024-04-17T17:15:03,34.17,0.035591690,-0.0029890423,-0.00558346560
1713363303155,2024-04-17T17:15:03,34.21,0.032486476,-0.0029692159,-0.00565671730
1713363303215,2024-04-17T17:15:03,34.27,0.038747184,-0.0038787250,-0.01160121400
1713363303285,2024-04-17T17:15:03,34.34,0.033466730,-0.0058318726,-0.00182355270
1713363303315,2024-04-17T17:15:03,34.37,0.035811666,-0.0004610000,-0.00717541060
1713363303395,2024-04-17T17:15:03,34.45,0.038927678,-0.0009690000,-0.01044773500
1713363303455,2024-04-17T17:15:03,34.51,0.035935365,-0.0009690000,-0.00865129000
1713363303565,2024-04-17T17:15:03,34.62,0.033997800,-0.0035135478,-0.01011607200
1713363304975,2024-04-17T17:15:04,36.03,0.036520213,-0.0016362536,-0.00775815550
1713363305035,2024-04-17T17:15:05,36.09,0.034499600,-0.0000268000,-0.00702851800
1713363305205,2024-04-17T17:15:05,36.26,0.034402255,-0.0050119770,-0.00340860520
1713363304975,2024-04-17T17:15:04,36.03,0.036520213,-0.0016362536,-0.00775815550
1713363305035,2024-04-17T17:15:05,36.09,0.034499600,-0.0000268000,-0.00702851800
1713363305385,2024-04-17T17:15:05,36.44,0.036976986,-0.0011057066,-0.00363426870
1713363305455,2024-04-17T17:15:05,36.51,0.034325525,-0.0040353425,-0.00364919610
1713363305485,2024-04-17T17:15:05,36.54,0.034446698,-0.0015939387,-0.00575556930
1713363305585,2024-04-17T17:15:05,36.64,0.036047686,-0.0005590000,-0.00642153400
1713363305635,2024-04-17T17:15:05,36.69,0.033354800,-0.0032775884,-0.00654330000
1713363305815,2024-04-17T17:15:05,36.87,0.032956474,-0.0014277910,-0.01034366800
1713363305945,2024-04-17T17:15:05,37,0.034421314,0.0005250000,-0.00497257940
1713363306245,2024-04-17T17:15:06,37.3,0.033444755,0.0005250000,-0.00546086000
1713363306275,2024-04-17T17:15:06,37.33,0.033444755,-0.0004510000,-0.00692570260
1713363306465,2024-04-17T17:15:06,37.52,0.033933032,0.0010136130,-0.00741398330
1713363306475,2024-04-17T17:15:06,37.53,0.033933032,-0.0014277910,-0.00546086000
1713363306705,2024-04-17T17:15:06,37.76,0.034909595,0.0000371000,-0.00692570260
1713363306795,2024-04-17T17:15:06,37.85,0.033933032,-0.0004110000,-0.01037608800
1713363306945,2024-04-17T17:15:06,38,0.034889854,-0.0013758971,-0.01135063200
1713363306965,2024-04-17T17:15:06,38.02,0.033913292,0.0005770000,-0.00988577700
1713363307345,2024-04-17T17:15:07,38.4,0.033488613,-0.0003990000,-0.01070484600
1713363307455,2024-04-17T17:15:07,38.51,0.035441734,-0.0018641901,-0.00924000300
1713363307605,2024-04-17T17:15:07,38.66,0.033976894,-0.0003990000,-0.00972828500
1713363307715,2024-04-17T17:15:07,38.77,0.033488613,-0.0023524708,-0.00533375750
1713363307755,2024-04-17T17:15:07,38.81,0.035930015,-0.0003990000,-0.00826344300
1713363307825,2024-04-17T17:15:07,38.88,0.034465175,-0.0008880000,-0.00631031900
1713363306245,2024-04-17T17:15:06,37.3,0.033444755,0.0005250000,-0.00546086000
1713363306275,2024-04-17T17:15:06,37.33,0.033444755,-0.0004510000,-0.00692570260
1713363306465,2024-04-17T17:15:06,37.52,0.033933032,0.0010136130,-0.00741398330
1713363306475,2024-04-17T17:15:06,37.53,0.033933032,-0.0014277910,-0.00546086000
1713363306705,2024-04-17T17:15:06,37.76,0.034909595,0.0000371000,-0.00692570260
1713363306795,2024-04-17T17:15:06,37.85,0.033933032,-0.0004110000,-0.01037608800
1713363306945,2024-04-17T17:15:06,38,0.034889854,-0.0013758971,-0.01135063200
1713363306965,2024-04-17T17:15:06,38.02,0.033913292,0.0005770000,-0.00988577700
1713363308125,2024-04-17T17:15:08,39.18,0.034465175,-0.0008880000,-0.00679860000
1713363308235,2024-04-17T17:15:08,39.29,0.034953453,0.0000889000,-0.00728688060
1713363308295,2024-04-17T17:15:08,39.35,0.035930015,-0.0018641901,-0.00972828500
1713363308465,2024-04-17T17:15:08,39.52,0.037611622,-0.0027774556,-0.00897792100
1713363308545,2024-04-17T17:15:08,39.6,0.033352856,-0.0018009061,-0.01016904800
1713363308645,2024-04-17T17:15:08,39.7,0.039212223,-0.0003360000,-0.00870420500
1713363308685,2024-04-17T17:15:08,39.74,0.036282540,-0.0027774677,-0.00870420500
1713363308795,2024-04-17T17:15:08,39.85,0.037259102,-0.0032657485,-0.00626280160
1713363308845,2024-04-17T17:15:08,39.9,0.034329414,-0.0032657485,-0.00870420500
1713363308125,2024-04-17T17:15:08,39.18,0.034465175,-0.0008880000,-0.00679860000
1713363308235,2024-04-17T17:15:08,39.29,0.034953453,0.0000889000,-0.00728688060
1713363308295,2024-04-17T17:15:08,39.35,0.035930015,-0.0018641901,-0.00972828500
1713363308465,2024-04-17T17:15:08,39.52,0.037611622,-0.0027774556,-0.00897792100
1713363308545,2024-04-17T17:15:08,39.6,0.033352856,-0.0018009061,-0.01016904800
1713363308645,2024-04-17T17:15:08,39.7,0.039212223,-0.0003360000,-0.00870420500
1713363308685,2024-04-17T17:15:08,39.74,0.036282540,-0.0027774677,-0.00870420500
1713363308795,2024-04-17T17:15:08,39.85,0.037259102,-0.0032657485,-0.00626280160
1713363308845,2024-04-17T17:15:08,39.9,0.034329414,-0.0032657485,-0.00870420500
1713363308915,2024-04-17T17:15:08,39.97,0.035794258,-0.0018009061,-0.00675108240
1713363309025,2024-04-17T17:15:09,40.08,0.034373470,-0.0013126254,-0.00502544600
1713363309085,2024-04-17T17:15:09,40.14,0.037303153,0.0001520000,-0.00844341100
1713363309265,2024-04-17T17:15:09,40.32,0.036326590,-0.0022891870,-0.00795513000
1713363309335,2024-04-17T17:15:09,40.39,0.034373470,-0.0018009061,-0.00649028830
1713363309435,2024-04-17T17:15:09,40.49,0.033396907,-0.0037540293,-0.00453716500
1713363309485,2024-04-17T17:15:09,40.54,0.036814872,-0.0013126254,-0.00649028830
1713363309535,2024-04-17T17:15:09,40.59,0.035838310,-0.0032657485,-0.00551372670
1713363309655,2024-04-17T17:15:09,40.71,0.035838310,-0.0008240000,-0.00649028830
1713363309715,2024-04-17T17:15:09,40.77,0.035350032,0.0001520000,-0.00649028830
1713363309895,2024-04-17T17:15:09,40.95,0.034861750,-0.0008240000,-0.00600200750
1713363310125,2024-04-17T17:15:10,41.18,0.034373470,-0.0008240000,-0.00551372670
1713363310145,2024-04-17T17:15:10,41.2,0.033885190,-0.0013126254,-0.00307232280
1713363310225,2024-04-17T17:15:10,41.28,0.033396907,0.0016170715,-0.00356060360
1713363310325,2024-04-17T17:15:10,41.38,0.034861750,-0.0003360000,-0.00551372670
1713363310415,2024-04-17T17:15:10,41.47,0.034373470,0.0011287907,-0.00746685000
1713363310425,2024-04-17T17:15:10,41.48,0.033396907,-0.0022891870,-0.00307232280
1713363310485,2024-04-17T17:15:10,41.54,0.035838310,0.0006410000,-0.00649028830
1713363310915,2024-04-17T17:15:10,41.97,0.035350032,0.0006410000,-0.00697856900
1713363311015,2024-04-17T17:15:11,42.07,0.033885190,-0.0008240000,-0.00893169200
1713363311115,2024-04-17T17:15:11,42.17,0.033396907,0.0021053522,-0.00502544600
1713363311145,2024-04-17T17:15:11,42.2,0.034861750,0.0016170715,-0.00551372670
1713363311265,2024-04-17T17:15:11,42.32,0.033396907,0.0001520000,-0.00258404200
1713363310915,2024-04-17T17:15:10,41.97,0.035350032,0.0006410000,-0.00697856900
1713363311015,2024-04-17T17:15:11,42.07,0.033885190,-0.0008240000,-0.00893169200
1713363311115,2024-04-17T17:15:11,42.17,0.033396907,0.0021053522,-0.00502544600
1713363311145,2024-04-17T17:15:11,42.2,0.034861750,0.0016170715,-0.00551372670
1713363311265,2024-04-17T17:15:11,42.32,0.033396907,0.0001520000,-0.00258404200
1713363311495,2024-04-17T17:15:11,42.55,0.032420345,-0.0003360000,-0.00404888440
1713363311605,2024-04-17T17:15:11,42.66,0.034861750,0.0030819138,-0.00893169200
1713363311705,2024-04-17T17:15:11,42.76,0.030955503,0.0025936330,-0.00600200750
1713363311725,2024-04-17T17:15:11,42.78,0.034373470,0.0016170715,-0.00453716500
1713363311835,2024-04-17T17:15:11,42.89,0.033396907,0.0021053522,-0.00600200750
1713363312005,2024-04-17T17:15:12,43.06,0.035838310,0.0035701946,-0.00356060360
1713363312065,2024-04-17T17:15:12,43.12,0.035350032,0.0016170715,-0.00404888440
1713363312455,2024-04-17T17:15:12,43.51,0.033885190,0.0016170715,-0.00404888440
1713363312495,2024-04-17T17:15:12,43.55,0.033885190,0.0035701946,-0.00795513000
1713363312595,2024-04-17T17:15:12,43.65,0.032420345,0.0016170715,-0.00600200750
1713363312675,2024-04-17T17:15:12,43.73,0.031932063,-0.0003360000,-0.00453716500
1713363312735,2024-04-17T17:15:12,43.79,0.035838310,-0.0013126254,-0.00600200750
1713363312845,2024-04-17T17:15:12,43.9,0.034373470,0.0025936330,-0.00649028830
1713363313065,2024-04-17T17:15:13,44.12,0.033396907,0.0016170715,-0.00307232280
1713363313285,2024-04-17T17:15:13,44.34,0.033885190,0.0001520000,-0.00356060360
1713363313305,2024-04-17T17:15:13,44.36,0.034373470,-0.0013126254,-0.00356060360
1713363313565,2024-04-17T17:15:13,44.62,0.034861750,0.0011287907,-0.00356060360
1713363313625,2024-04-17T17:15:13,44.68,0.032908626,0.0006410000,-0.00404888440
1713363313795,2024-04-17T17:15:13,44.85,0.031443786,0.0035701946,-0.00453716500
1713363314025,2024-04-17T17:15:14,45.08,0.034861750,0.0035701946,-0.00697856900
1713363314075,2024-04-17T17:15:14,45.13,0.036326590,0.0006410000,0.00034600000
1713363314255,2024-04-17T17:15:14,45.31,0.033885190,0.0006410000,-0.00160748050
1713363314275,2024-04-17T17:15:14,45.33,0.031932063,-0.0022891870,-0.00111919970
1713363314375,2024-04-17T17:15:14,45.43,0.033885190,-0.0013126254,-0.00551372670
1713363314565,2024-04-17T17:15:14,45.62,0.033396907,0.0020793020,-0.00451622000
1713363314705,2024-04-17T17:15:14,45.76,0.030913590,-0.0008500000,-0.00039300000
1713363314855,2024-04-17T17:15:14,45.91,0.033843275,0.0011027770,-0.00234572430
1713363314865,2024-04-17T17:15:14,45.92,0.032866713,0.0001260000,-0.00136916270
1713363314965,2024-04-17T17:15:14,46.02,0.033821200,0.0006140000,-0.00369671380
1713363314985,2024-04-17T17:15:14,46.04,0.033821200,0.0030119198,-0.00414966930
1713363315155,2024-04-17T17:15:15,46.21,0.032844540,-0.0009340000,-0.00118778350
1713363315165,2024-04-17T17:15:15,46.22,0.033821102,0.0034602075,-0.00314090680
1713363315285,2024-04-17T17:15:15,46.34,0.033821102,0.0024836460,-0.00460574900
1713363315345,2024-04-17T17:15:15,46.4,0.035285946,0.0005310000,-0.00314090680
1713363315575,2024-04-17T17:15:15,46.63,0.031379700,0.0044367690,-0.00216434520
1713363315655,2024-04-17T17:15:15,46.71,0.032844540,0.0049250500,-0.00655887230
1713363315755,2024-04-17T17:15:15,46.81,0.034309383,0.0019953651,-0.00460574900
1713363315155,2024-04-17T17:15:15,46.21,0.032844540,-0.0009340000,-0.00118778350
1713363315165,2024-04-17T17:15:15,46.22,0.033821102,0.0034602075,-0.00314090680
1713363315285,2024-04-17T17:15:15,46.34,0.033821102,0.0024836460,-0.00460574900
1713363315345,2024-04-17T17:15:15,46.4,0.035285946,0.0005310000,-0.00314090680
1713363315575,2024-04-17T17:15:15,46.63,0.031379700,0.0044367690,-0.00216434520
1713363315655,2024-04-17T17:15:15,46.71,0.032844540,0.0049250500,-0.00655887230
1713363316875,2024-04-17T17:15:16,47.93,0.037239067,0.0005310000,-0.00802371500
1713363317095,2024-04-17T17:15:17,48.15,0.033821102,-0.0014226125,-0.00655887230
1713363317235,2024-04-17T17:15:17,48.29,0.033332820,0.0010188036,-0.00265262600
1713363317315,2024-04-17T17:15:17,48.37,0.033332820,-0.0004460000,-0.00167606430
1713363317335,2024-04-17T17:15:17,48.39,0.036262505,0.0000422000,-0.00265262600
1713363317485,2024-04-17T17:15:17,48.54,0.036262505,0.0019953651,-0.00607059150
1713363317715,2024-04-17T17:15:17,48.77,0.033332820,-0.0014226125,-0.00460574900
1713363317885,2024-04-17T17:15:17,48.94,0.035774224,-0.0033757356,-0.00265262600
1713363318025,2024-04-17T17:15:18,49.08,0.033821102,-0.0038640164,-0.00411746840
1713363318105,2024-04-17T17:15:18,49.16,0.034309383,-0.0028874548,-0.00021100000
1713363318125,2024-04-17T17:15:18,49.18,0.032844540,-0.0053288587,-0.00216434520
1713363318385,2024-04-17T17:15:18,49.44,0.035285946,-0.0033757356,-0.00021100000
1713363318445,2024-04-17T17:15:18,49.5,0.035285946,-0.0019108932,-0.00411746840
1713363318605,2024-04-17T17:15:18,49.66,0.034309383,-0.0023991740,-0.00265262600
1713363318845,2024-04-17T17:15:18,49.9,0.034797665,-0.0038640164,-0.00411746840
1713363319015,2024-04-17T17:15:19,50.07,0.033821102,-0.0019108932,-0.00265262600
1713363319065,2024-04-17T17:15:19,50.12,0.037239067,-0.0023991740,-0.00509403000
1713363319115,2024-04-17T17:15:19,50.17,0.036262505,-0.0028874548,-0.00314090680
1713363319235,2024-04-17T17:15:19,50.29,0.035285946,-0.0019108932,-0.00607059150
1713363319455,2024-04-17T17:15:19,50.51,0.034797665,-0.0019108932,0.00027700000
1713363319605,2024-04-17T17:15:19,50.66,0.034797665,-0.0009340000,-0.00265262600
1713363319695,2024-04-17T17:15:19,50.75,0.034797665,-0.0023991740,-0.00362918740
1713363319705,2024-04-17T17:15:19,50.76,0.034309383,-0.0028874548,-0.00362918740
1713363319805,2024-04-17T17:15:19,50.86,0.036262505,-0.0019108932,-0.00704715300
1713363319875,2024-04-17T17:15:19,50.93,0.034309383,-0.0038640164,-0.00802371500
1713363319905,2024-04-17T17:15:19,50.96,0.035774224,-0.0023991740,-0.00362918740
1713363319975,2024-04-17T17:15:19,51.03,0.035774224,-0.0019108932,-0.00753543400
1713363320035,2024-04-17T17:15:20,51.09,0.034797665,-0.0014226125,-0.00362918740
1713363319605,2024-04-17T17:15:19,50.66,0.034797665,-0.0009340000,-0.00265262600
1713363319695,2024-04-17T17:15:19,50.75,0.034797665,-0.0023991740,-0.00362918740
1713363319705,2024-04-17T17:15:19,50.76,0.034309383,-0.0028874548,-0.00362918740
1713363319805,2024-04-17T17:15:19,50.86,0.036262505,-0.0019108932,-0.00704715300
1713363319875,2024-04-17T17:15:19,50.93,0.034309383,-0.0038640164,-0.00802371500
1713363319905,2024-04-17T17:15:19,50.96,0.035774224,-0.0023991740,-0.00362918740
1713363319975,2024-04-17T17:15:19,51.03,0.035774224,-0.0019108932,-0.00753543400
1713363320035,2024-04-17T17:15:20,51.09,0.034797665,-0.0014226125,-0.00362918740
1713363320145,2024-04-17T17:15:20,51.2,0.035774224,-0.0019108932,-0.00314090680
1713363319605,2024-04-17T17:15:19,50.66,0.034797665,-0.0009340000,-0.00265262600
1713363319695,2024-04-17T17:15:19,50.75,0.034797665,-0.0023991740,-0.00362918740
1713363319705,2024-04-17T17:15:19,50.76,0.034309383,-0.0028874548,-0.00362918740
1713363319805,2024-04-17T17:15:19,50.86,0.036262505,-0.0019108932,-0.00704715300
1713363319875,2024-04-17T17:15:19,50.93,0.034309383,-0.0038640164,-0.00802371500
1713363319905,2024-04-17T17:15:19,50.96,0.035774224,-0.0023991740,-0.00362918740
1713363319975,2024-04-17T17:15:19,51.03,0.035774224,-0.0019108932,-0.00753543400
1713363320035,2024-04-17T17:15:20,51.09,0.034797665,-0.0014226125,-0.00362918740
1713363321265,2024-04-17T17:15:21,52.32,0.036262505,0.0005310000,-0.00411746840
1713363321285,2024-04-17T17:15:21,52.34,0.032356260,0.0005310000,-0.00314090680
1713363321435,2024-04-17T17:15:21,52.49,0.033821102,0.0000422000,-0.00704715300
1713363321485,2024-04-17T17:15:21,52.54,0.031867977,-0.0019108932,-0.00460574900
1713363321585,2024-04-17T17:15:21,52.64,0.032356260,0.0000422000,-0.00411746840
1713363321655,2024-04-17T17:15:21,52.71,0.035285946,-0.0009340000,-0.00704715300
1713363321825,2024-04-17T17:15:21,52.88,0.034797665,-0.0028874548,-0.00607059150
1713363321975,2024-04-17T17:15:21,53.03,0.033332820,-0.0019108932,-0.00802371500
1713363322045,2024-04-17T17:15:22,53.1,0.035774224,-0.0009340000,-0.00411746840
1713363322325,2024-04-17T17:15:22,53.38,0.033332820,-0.0023991740,-0.00509403000
1713363322375,2024-04-17T17:15:22,53.43,0.035285946,-0.0038640164,-0.00704715300
1713363322435,2024-04-17T17:15:22,53.49,0.035285946,-0.0019108932,-0.00704715300
1713363322545,2024-04-17T17:15:22,53.6,0.035774224,-0.0019108932,-0.00704715300
1713363322785,2024-04-17T17:15:22,53.84,0.033821102,-0.0004460000,-0.00802371500
1713363322865,2024-04-17T17:15:22,53.92,0.034797665,-0.0038640164,-0.00558231070
1713363323055,2024-04-17T17:15:23,54.11,0.034797665,-0.0028874548,-0.00851199500
1713363322325,2024-04-17T17:15:22,53.38,0.033332820,-0.0023991740,-0.00509403000
1713363322375,2024-04-17T17:15:22,53.43,0.035285946,-0.0038640164,-0.00704715300
1713363322435,2024-04-17T17:15:22,53.49,0.035285946,-0.0019108932,-0.00704715300
1713363322545,2024-04-17T17:15:22,53.6,0.035774224,-0.0019108932,-0.00704715300
1713363322785,2024-04-17T17:15:22,53.84,0.033821102,-0.0004460000,-0.00802371500
1713363322865,2024-04-17T17:15:22,53.92,0.034797665,-0.0038640164,-0.00558231070
1713363324345,2024-04-17T17:15:24,55.4,0.033821102,0.0000422000,-0.00460574900
1713363324425,2024-04-17T17:15:24,55.48,0.034309383,-0.0004460000,-0.00314090680
1713363324445,2024-04-17T17:15:24,55.5,0.033332820,-0.0014226125,-0.00558231070
1713363324595,2024-04-17T17:15:24,55.65,0.032844540,-0.0004460000,-0.00265262600
1713363324645,2024-04-17T17:15:24,55.7,0.031867977,0.0000422000,-0.00314090680
1713363324745,2024-04-17T17:15:24,55.8,0.034309383,-0.0004460000,-0.00314090680
1713363324825,2024-04-17T17:15:24,55.88,0.033332820,0.0010188036,-0.00509403000
1713363324995,2024-04-17T17:15:24,56.05,0.033332820,-0.0014226125,-0.00362918740
1713363325135,2024-04-17T17:15:25,56.19,0.032356260,-0.0009340000,-0.00704715300
1713363325215,2024-04-17T17:15:25,56.27,0.035285946,0.0000422000,-0.00460574900
1713363325235,2024-04-17T17:15:25,56.29,0.032844540,-0.0023991740,-0.00558231070
1713363325605,2024-04-17T17:15:25,56.66,0.033332820,-0.0014226125,-0.00558231070
1713363325825,2024-04-17T17:15:25,56.88,0.033821102,-0.0004460000,-0.00509403000
1713363325925,2024-04-17T17:15:25,56.98,0.034309383,-0.0009340000,-0.00753543400
1713363326025,2024-04-17T17:15:26,57.08,0.034797665,0.0000422000,-0.01046511800
1713363326175,2024-04-17T17:15:26,57.23,0.035285946,0.0000422000,-0.00948855650
1713363326225,2024-04-17T17:15:26,57.28,0.035774224,-0.0004460000,-0.01437137650
1713363326285,2024-04-17T17:15:26,57.34,0.037239067,0.0005310000,-0.01095339900
1713363326395,2024-04-17T17:15:26,57.45,0.033097677,-0.0016937027,-0.00795539750
1713363326615,2024-04-17T17:15:26,57.67,0.036061690,-0.0015648737,-0.00843062300
1713363326715,2024-04-17T17:15:26,57.77,0.034596846,-0.0005880000,-0.01136032000
1713363326845,2024-04-17T17:15:26,57.9,0.036549970,-0.0010765930,-0.01136032000
1713363326955,2024-04-17T17:15:26,58.01,0.034596846,-0.0010765930,-0.01136032000
1713363327015,2024-04-17T17:15:27,58.07,0.035085127,0.0003880000,-0.01331344300
1713363327065,2024-04-17T17:15:27,58.12,0.033132005,-0.0010765930,-0.00891890400
1713363327175,2024-04-17T17:15:27,58.23,0.033620287,-0.0010765930,-0.01575484700
1713363327505,2024-04-17T17:15:27,58.56,0.036424520,-0.0033721132,-0.01365019900
1713363327525,2024-04-17T17:15:27,58.58,0.035879057,-0.0008440000,-0.01585540200
1713363327635,2024-04-17T17:15:27,58.69,0.035125583,0.0000291000,-0.01375942100
1713363327705,2024-04-17T17:15:27,58.76,0.035463713,-0.0016943105,-0.01069197300
1713363327785,2024-04-17T17:15:27,58.84,0.034935463,-0.0033503661,-0.01120617100
1713363327805,2024-04-17T17:15:27,58.86,0.034938965,-0.0027836428,-0.01080185100
1713363327845,2024-04-17T17:15:27,58.9,0.038390968,-0.0011942870,-0.01157662400
1713363327905,2024-04-17T17:15:27,58.96,0.035215344,0.0001360000,-0.01091647000
1713363328015,2024-04-17T17:15:28,59.07,0.034635550,-0.0006990000,-0.01245654500
1713363328245,2024-04-17T17:15:28,59.3,0.033741746,0.0001380000,-0.00896741800
1713363327505,2024-04-17T17:15:27,58.56,0.036424520,-0.0033721132,-0.01365019900
1713363327525,2024-04-17T17:15:27,58.58,0.035879057,-0.0008440000,-0.01585540200
1713363327635,2024-04-17T17:15:27,58.69,0.035125583,0.0000291000,-0.01375942100
1713363327705,2024-04-17T17:15:27,58.76,0.035463713,-0.0016943105,-0.01069197300
1713363327785,2024-04-17T17:15:27,58.84,0.034935463,-0.0033503661,-0.01120617100
1713363327805,2024-04-17T17:15:27,58.86,0.034938965,-0.0027836428,-0.01080185100
1713363327845,2024-04-17T17:15:27,58.9,0.038390968,-0.0011942870,-0.01157662400
1713363327905,2024-04-17T17:15:27,58.96,0.035215344,0.0001360000,-0.01091647000
1713363328015,2024-04-17T17:15:28,59.07,0.034635550,-0.0006990000,-0.01245654500
1713363328245,2024-04-17T17:15:28,59.3,0.033741746,0.0001380000,-0.00896741800
