Device,MAC,Timestamp,Time(03:00),Elapsed(s),X(number),Y(number),Z (number)
D,C8925E7DC6BD,1721307313575,2024-07-18T15:55:13.575,0.00000000000,-0.00005438598,0.00271928300,0.03568388000
D,C8925E7DC6BD,1721307313585,2024-07-18T15:55:13.585,0.01000000000,-0.00103089550,0.00223100230,0.02982451200
D,C8925E7DC6BD,1721307313595,2024-07-18T15:55:13.595,0.02000000000,-0.00151892020,0.00271925280,0.03177763500
D,C8925E7DC6BD,1721307313605,2024-07-18T15:55:13.605,0.03000000000,0.00092248985,0.00174270340,0.02982451200
D,C8925E7DC6BD,1721307313615,2024-07-18T15:55:13.615,0.04000000000,0.00043418095,0.00174276410,0.03177763500
D,C8925E7DC6BD,1721307313625,2024-07-18T15:55:13.625,0.05000000000,0.00043414894,0.00271933180,0.03080107500
D,C8925E7DC6BD,1721307313635,2024-07-18T15:55:13.635,0.06000000000,0.00238674700,0.00320747290,0.03177763500
D,C8925E7DC6BD,1721307313645,2024-07-18T15:55:13.645,0.07000000000,-0.00054312317,-0.00021010976,0.03128925700
D,C8925E7DC6BD,1721307313665,2024-07-18T15:55:13.665,0.09000000000,0.00092199420,0.00418489150,0.03177754000
D,C8925E7DC6BD,1721307313675,2024-07-18T15:55:13.675,0.10000000000,-0.00103105280,0.00125527350,0.03031269600
D,C8925E7DC6BD,1721307313685,2024-07-18T15:55:13.685,0.11000000000,-0.00200690980,-0.00020872398,0.02982431800
D,C8925E7DC6BD,1721307313695,2024-07-18T15:55:13.695,0.12000000000,0.00189922540,0.00076840890,0.02884775600
D,C8925E7DC6BD,1721307313705,2024-07-18T15:55:13.705,0.13000000000,0.00092256840,0.00369810570,0.02689463300
D,C8925E7DC6BD,1721307313715,2024-07-18T15:55:13.715,0.14000000000,0.00092232590,0.00125684160,0.02933603700
D,C8925E7DC6BD,1721307313725,2024-07-18T15:55:13.725,0.15000000000,0.00141028430,0.00272169000,0.02933603700
D,C8925E7DC6BD,1721307313735,2024-07-18T15:55:13.735,0.16000000000,-0.00005473157,0.00125699970,0.03128916000
D,C8925E7DC6BD,1721307313745,2024-07-18T15:55:13.745,0.17000000000,0.00092156866,0.00174546280,0.03031260000
D,C8925E7DC6BD,1721307313755,2024-07-18T15:55:13.755,0.18000000000,-0.00054330076,0.00223378000,0.02982431800
D,C8925E7DC6BD,1721307313765,2024-07-18T15:55:13.765,0.19000000000,-0.00249601970,0.00369842800,0.02835947600
D,C8925E7DC6BD,1721307313775,2024-07-18T15:55:13.775,0.20000000000,-0.00054263040,0.00028063258,0.02738291400
D,C8925E7DC6BD,1721307313785,2024-07-18T15:55:13.785,0.21000000000,0.00043400182,0.00076924765,0.03128916000
D,C8925E7DC6BD,1721307313795,2024-07-18T15:55:13.795,0.22000000000,0.00092225430,0.00369893830,0.03226572300
D,C8925E7DC6BD,1721307313805,2024-07-18T15:55:13.805,0.23000000000,0.00141031670,0.00174585170,0.02689463300
D,C8925E7DC6BD,1721307313815,2024-07-18T15:55:13.815,0.24000000000,0.00140995810,0.00272236460,0.02933603700
D,C8925E7DC6BD,1721307313825,2024-07-18T15:55:13.825,0.25000000000,-0.00200797850,0.00174582750,0.03031260000
D,C8925E7DC6BD,1721307313835,2024-07-18T15:55:13.835,0.26000000000,-0.00054308630,0.00272237670,0.02982431800
BD,C8925E7DC6BD,1721307313845,2024-07-18T15:55:13.845,0.27000000000,0.00140993510,0.00125763180,0.03031260000
D,C8925E7DC6BD,1721307313855,2024-07-18T15:55:13.855,0.28000000000,0.00140970460,0.00272247400,0.02982431800
D,C8925E7DC6BD,1721307313865,2024-07-18T15:55:13.865,0.29000000000,0.00189738620,0.00174602190,0.02933603700
D,C8925E7DC6BD,1721307313875,2024-07-18T15:55:13.875,0.30000000000,0.00189607400,-0.00069426360,0.02835947600
D,C8925E7DC6BD,1721307313885,2024-07-18T15:55:13.885,0.31000000000,0.00238257650,0.00126006290,0.03324218500
D,C8925E7DC6BD,1721307313895,2024-07-18T15:55:13.895,0.32000000000,0.00091677930,0.00223711700,0.03080078200
D,C8925E7DC6BD,1721307313905,2024-07-18T15:55:13.905,0.33000000000,-0.00006007411,0.00223725060,0.03031221000
D,C8925E7DC6BD,1721307313915,2024-07-18T15:55:13.915,0.34000000000,0.00140427370,0.00174921890,0.03128877300
D,C8925E7DC6BD,1721307313925,2024-07-18T15:55:13.925,0.35000000000,0.00042730788,0.00077314970,0.03128877300
D,C8925E7DC6BD,1721307313935,2024-07-18T15:55:13.935,0.36000000000,0.00042699990,0.00126192890,0.03177705400
D,C8925E7DC6BD,1721307313945,2024-07-18T15:55:13.945,0.37000000000,0.00042674082,0.00126242130,0.03177695300
D,C8925E7DC6BD,1721307313955,2024-07-18T15:55:13.955,0.38000000000,0.00237887330,0.00077500350,0.02835899000
D,C8925E7DC6BD,1721307313965,2024-07-18T15:55:13.965,0.39000000000,0.00042530472,0.00224016190,0.02982383200
D,C8925E7DC6BD,1721307313975,2024-07-18T15:55:13.975,0.40000000000,-0.00006323390,0.00028765874,0.03080039300
D,C8925E7DC6BD,1721307313985,2024-07-18T15:55:13.985,0.41000000000,-0.00152788160,0.00028847926,0.02835899000
D,C8925E7DC6BD,1721307313995,2024-07-18T15:55:13.995,0.42000000000,0.00042524240,0.00272999870,0.02933555100
D,C8925E7DC6BD,1721307314005,2024-07-18T15:55:14.005,0.43000000000,0.00140153730,0.00126552090,0.03226513800
D,C8925E7DC6BD,1721307314015,2024-07-18T15:55:14.015,0.44000000000,0.00188908130,0.00126611660,0.03177685700
D,C8925E7DC6BD,1721307314025,2024-07-18T15:55:14.025,0.45000000000,0.00091212730,0.00321930040,0.03128857500
D,C8925E7DC6BD,1721307314035,2024-07-18T15:55:14.035,0.46000000000,0.00139983310,0.00370736260,0.03177685700
D,C8925E7DC6BD,1721307314045,2024-07-18T15:55:14.045,0.47000000000,-0.00104163900,0.00321887500,0.02787061200
D,C8925E7DC6BD,1721307314055,2024-07-18T15:55:14.055,0.48000000000,-0.00201783890,0.00370664520,0.02933555100
D,C8925E7DC6BD,1721307314065,2024-07-18T15:55:14.065,0.49000000000,-0.00152897750,0.00321786010,0.03226523500
D,C8925E7DC6BD,1721307314075,2024-07-18T15:55:14.075,0.50000000000,-0.00055214175,0.00224116470,0.03226523500
D,C8925E7DC6BD,1721307314085,2024-07-18T15:55:14.085,0.51000000000,-0.00006375756,0.00272935440,0.03128867600
D,C8925E7DC6BD,1721307314095,2024-07-18T15:55:14.095,0.52000000000,0.00042453044,0.00077634066,0.03421836000
D,C8925E7DC6BD,1721307314105,2024-07-18T15:55:14.105,0.53000000000,0.00042448970,0.00175303590,0.03128867600
D,C8925E7DC6BD,1721307314115,2024-07-18T15:55:14.115,0.54000000000,0.00042444526,0.00272962780,0.03177695300
D,C8925E7DC6BD,1721307314125,2024-07-18T15:55:14.125,0.55000000000,0.00384099480,0.00077708217,0.03031201500
D,C8925E7DC6BD,1721307314135,2024-07-18T15:55:14.135,0.56000000000,0.00188624890,0.00077809114,0.03226513800
D,C8925E7DC6BD,1721307314145,2024-07-18T15:55:14.145,0.57000000000,-0.00006765934,-0.00019716973,0.03031172400
D,C8925E7DC6BD,1721307314155,2024-07-18T15:55:14.155,0.58000000000,0.00090808140,-0.00019546183,0.03031152900
D,C8925E7DC6BD,1721307314165,2024-07-18T15:55:14.165,0.59000000000,0.00139532400,0.00029459980,0.03079961600
D,C8925E7DC6BD,1721307314175,2024-07-18T15:55:14.175,0.60000000000,0.00139429940,0.00127244990,0.03128789700
D,C8925E7DC6BD,1721307314185,2024-07-18T15:55:14.185,0.61000000000,-0.00251181700,0.00224930930,0.02884649300
D,C8925E7DC6BD,1721307314195,2024-07-18T15:55:14.195,0.62000000000,-0.00153499020,0.00371409070,0.02835821200
D,C8925E7DC6BD,1721307314395,2024-07-18T15:55:14.395,0.82000000000,0.00334768420,0.00128308640,0.03177549700
D,C8925E7DC6BD,1721307314405,2024-07-18T15:55:14.405,0.83000000000,0.00090560660,0.00274828730,0.03128721600
D,C8925E7DC6BD,1721307314415,2024-07-18T15:55:14.415,0.84000000000,0.00285764920,0.00323650730,0.02835753000
D,C8925E7DC6BD,1721307314425,2024-07-18T15:55:14.425,0.85000000000,0.00139189450,0.00274808680,0.02982237400
D,C8925E7DC6BD,1721307314435,2024-07-18T15:55:14.435,0.86000000000,-0.00056139820,0.00225976950,0.02933409300
D,C8925E7DC6BD,1721307314445,2024-07-18T15:55:14.445,0.87000000000,-0.00153793060,0.00177150080,0.03031065300
D,C8925E7DC6BD,1721307314455,2024-07-18T15:55:14.455,0.88000000000,-0.00056124930,0.00079518850,0.03079893400
D,C8925E7DC6BD,1721307314465,2024-07-18T15:55:14.465,0.89000000000,-0.00056105900,0.00079568080,0.03177540000
D,C8925E7DC6BD,1721307314475,2024-07-18T15:55:14.475,0.90000000000,-0.00104900450,0.00128450860,0.03079883800
D,C8925E7DC6BD,1721307314485,2024-07-18T15:55:14.485,0.91000000000,0.00090411934,0.00372591240,0.02982227500
D,C8925E7DC6BD,1721307314495,2024-07-18T15:55:14.495,0.92000000000,0.00188043550,0.00274930850,0.03177540000
D,C8925E7DC6BD,1721307314505,2024-07-18T15:55:14.505,0.93000000000,0.00139154530,0.00030835427,0.03177540000
D,C8925E7DC6BD,1721307314515,2024-07-18T15:55:14.515,0.94000000000,-0.00007348024,0.00226162930,0.03031055600
D,C8925E7DC6BD,1721307314525,2024-07-18T15:55:14.525,0.95000000000,-0.00105002880,0.00226167200,0.03177540000
D,C8925E7DC6BD,1721307314535,2024-07-18T15:55:14.535,0.96000000000,-0.00056172240,0.00274995270,0.03177540000
D,C8925E7DC6BD,1721307314545,2024-07-18T15:55:14.545,0.97000000000,-0.00104981800,0.00128528050,0.03177540000
D,C8925E7DC6BD,1721307314555,2024-07-18T15:55:14.555,0.98000000000,-0.00007307805,-0.00017880207,0.03372832800
D,C8925E7DC6BD,1721307314565,2024-07-18T15:55:14.565,0.99000000000,-0.00104922090,0.00031063350,0.03128683000
D,C8925E7DC6BD,1721307314575,2024-07-18T15:55:14.575,1.00000000000,0.00139203340,0.00079977734,0.03128683000
D,C8925E7DC6BD,1721307314585,2024-07-18T15:55:14.585,1.01000000000,0.00090375230,0.00372946800,0.03128683000
D,C8925E7DC6BD,1721307314595,2024-07-18T15:55:14.595,1.02000000000,-0.00007281024,0.00275290660,0.02884542200
D,C8925E7DC6BD,1721307314605,2024-07-18T15:55:14.605,1.03000000000,0.00285687720,0.00226462590,0.02786886100
D,C8925E7DC6BD,1721307314615,2024-07-18T15:55:14.615,1.04000000000,0.00139203340,0.00324118740,0.03177510600
D,C8925E7DC6BD,1721307314625,2024-07-18T15:55:14.625,1.05000000000,0.00041547112,0.00128806420,0.02982198400
D,C8925E7DC6BD,1721307314735,2024-07-18T15:55:14.735,1.16000000000,-0.00153765390,0.00275290660,0.03128683000
D,C8925E7DC6BD,1721307314745,2024-07-18T15:55:14.745,1.17000000000,-0.00007281024,0.00177634500,0.03128683000
D,C8925E7DC6BD,1721307314755,2024-07-18T15:55:14.755,1.18000000000,-0.00056109140,0.00226462590,0.03177510600
D,C8925E7DC6BD,1721307314765,2024-07-18T15:55:14.765,1.19000000000,0.00041547112,0.00128806420,0.03226338700
D,C8925E7DC6BD,1721307314775,2024-07-18T15:55:14.775,1.20000000000,-0.00056109140,0.00177634500,0.03079854500
D,C8925E7DC6BD,1721307314785,2024-07-18T15:55:14.785,1.21000000000,-0.00202593500,0.00177634500,0.03421651200
D,C8925E7DC6BD,1721307314795,2024-07-18T15:55:14.795,1.22000000000,0.00090375230,0.00324118740,0.03275167000
D,C8925E7DC6BD,1721307314805,2024-07-18T15:55:14.805,1.23000000000,-0.00007281024,0.00128806420,0.02884542200
D,C8925E7DC6BD,1721307314815,2024-07-18T15:55:14.815,1.24000000000,-0.00104937260,0.00177634500,0.03031026600
D,C8925E7DC6BD,1721307314825,2024-07-18T15:55:14.825,1.25000000000,0.00139203340,0.00226462590,0.03128683000
D,C8925E7DC6BD,1721307314835,2024-07-18T15:55:14.835,1.26000000000,0.00139203340,-0.00017678419,0.03323995000
D,C8925E7DC6BD,1721307314845,2024-07-18T15:55:14.845,1.27000000000,-0.00153765390,0.00226462590,0.02982198400
D,C8925E7DC6BD,1721307314855,2024-07-18T15:55:14.855,1.28000000000,-0.00153765390,0.00372946800,0.03031026600
D,C8925E7DC6BD,1721307314865,2024-07-18T15:55:14.865,1.29000000000,0.00334515840,0.00079977734,0.03079854500
D,C8925E7DC6BD,1721307314875,2024-07-18T15:55:14.875,1.30000000000,0.00236859610,0.00177634500,0.03323995000
D,C8925E7DC6BD,1721307314885,2024-07-18T15:55:14.885,1.31000000000,0.00188031460,0.00226462590,0.02933370300
D,C8925E7DC6BD,1721307314895,2024-07-18T15:55:14.895,1.32000000000,-0.00153765390,0.00226462590,0.02738058000
D,C8925E7DC6BD,1721307314905,2024-07-18T15:55:14.905,1.33000000000,-0.00007281024,0.00031149658,0.03031026600
D,C8925E7DC6BD,1721307314915,2024-07-18T15:55:14.915,1.34000000000,0.00090375230,-0.00066506496,0.03226338700
D,C8925E7DC6BD,1721307314925,2024-07-18T15:55:14.925,1.35000000000,-0.00056109140,0.00128806420,0.03177510600
D,C8925E7DC6BD,1721307314935,2024-07-18T15:55:14.935,1.36000000000,0.00090375230,-0.00017678419,0.02786886100
D,C8925E7DC6BD,1721307314945,2024-07-18T15:55:14.945,1.37000000000,0.00285687720,0.00128806420,0.03275167000
D,C8925E7DC6BD,1721307314955,2024-07-18T15:55:14.955,1.38000000000,0.00041547112,0.00226462590,0.03372823000
D,C8925E7DC6BD,1721307314965,2024-07-18T15:55:14.965,1.39000000000,0.00285687720,0.00275290660,0.03079854500
D,C8925E7DC6BD,1721307314975,2024-07-18T15:55:14.975,1.40000000000,0.00188031460,0.00031149658,0.03031026600
D,C8925E7DC6BD,1721307314985,2024-07-18T15:55:14.985,1.41000000000,-0.00056109140,-0.00017678419,0.03031026600
D,C8925E7DC6BD,1721307314995,2024-07-18T15:55:14.995,1.42000000000,-0.00202593500,0.00031149658,0.03031026600
BD,C8925E7DC6BD,1721307315005,2024-07-18T15:55:15.005,1.43000000000,0.00041547112,0.00031149658,0.03128683000
D,C8925E7DC6BD,1721307315015,2024-07-18T15:55:15.015,1.44000000000,-0.00202593500,0.00079977734,0.03372823000
D,C8925E7DC6BD,1721307315025,2024-07-18T15:55:15.025,1.45000000000,-0.00153765390,0.00324118740,0.03323995000
D,C8925E7DC6BD,1721307315035,2024-07-18T15:55:15.035,1.46000000000,-0.00104937260,0.00372946800,0.03226338700
D,C8925E7DC6BD,1721307315045,2024-07-18T15:55:15.045,1.47000000000,-0.00104937260,0.00324118740,0.02982198400
D,C8925E7DC6BD,1721307315055,2024-07-18T15:55:15.055,1.48000000000,-0.00007281024,0.00226462590,0.03079854500
D,C8925E7DC6BD,1721307315065,2024-07-18T15:55:15.065,1.49000000000,0.00090375230,0.00470603000,0.03226338700
D,C8925E7DC6BD,1721307315075,2024-07-18T15:55:15.075,1.50000000000,-0.00104937260,0.00372946800,0.03128683000
D,C8925E7DC6BD,1721307315085,2024-07-18T15:55:15.085,1.51000000000,-0.00202593500,0.00128806420,0.03128683000
D,C8925E7DC6BD,1721307315095,2024-07-18T15:55:15.095,1.52000000000,-0.00104937260,0.00324118740,0.02835714300
D,C8925E7DC6BD,1721307315105,2024-07-18T15:55:15.105,1.53000000000,0.00188031460,0.00128806420,0.02884542200
D,C8925E7DC6BD,1721307315115,2024-07-18T15:55:15.115,1.54000000000,-0.00056109140,0.00128806420,0.03128683000
D,C8925E7DC6BD,1721307315125,2024-07-18T15:55:15.125,1.55000000000,0.00041547112,0.00275290660,0.03128683000
D,C8925E7DC6BD,1721307315135,2024-07-18T15:55:15.135,1.56000000000,0.00041547112,0.00470603000,0.02982198400
D,C8925E7DC6BD,1721307315145,2024-07-18T15:55:15.145,1.57000000000,0.00139203340,0.00177634500,0.03079854500
D,C8925E7DC6BD,1721307315155,2024-07-18T15:55:15.155,1.58000000000,0.00041547112,0.00226462590,0.03226338700
D,C8925E7DC6BD,1721307315165,2024-07-18T15:55:15.165,1.59000000000,0.00188031460,0.00177634500,0.03128683000
D,C8925E7DC6BD,1721307315175,2024-07-18T15:55:15.175,1.60000000000,-0.00007281024,-0.00115334570,0.03128683000
D,C8925E7DC6BD,1721307315185,2024-07-18T15:55:15.185,1.61000000000,-0.00104937260,0.00128806420,0.02982198400
D,C8925E7DC6BD,1721307315195,2024-07-18T15:55:15.195,1.62000000000,0.00139203340,0.00079977734,0.03128683000
D,C8925E7DC6BD,1721307315205,2024-07-18T15:55:15.205,1.63000000000,0.00041547112,0.00128806420,0.03031026600
D,C8925E7DC6BD,1721307315215,2024-07-18T15:55:15.215,1.64000000000,0.00090375230,0.00324118740,0.03128683000
D,C8925E7DC6BD,1721307315225,2024-07-18T15:55:15.225,1.65000000000,0.00188031460,0.00226462590,0.03177510600
D,C8925E7DC6BD,1721307315235,2024-07-18T15:55:15.235,1.66000000000,0.00139203340,0.00128806420,0.02933370300
D,C8925E7DC6BD,1721307315245,2024-07-18T15:55:15.245,1.67000000000,0.00139203340,0.00226462590,0.02933370300
D,C8925E7DC6BD,1721307315255,2024-07-18T15:55:15.255,1.68000000000,-0.00056109140,0.00128806420,0.03079854500
D,C8925E7DC6BD,1721307315265,2024-07-18T15:55:15.265,1.69000000000,-0.00056109140,0.00226462590,0.03226338700
D,C8925E7DC6BD,1721307315275,2024-07-18T15:55:15.275,1.70000000000,-0.00202593500,0.00275290660,0.03079854500
D,C8925E7DC6BD,1721307315285,2024-07-18T15:55:15.285,1.71000000000,-0.00007281024,0.00372946800,0.03177510600
D,C8925E7DC6BD,1721307315295,2024-07-18T15:55:15.295,1.72000000000,-0.00104937260,0.00275290660,0.03275167000
D,C8925E7DC6BD,1721307315305,2024-07-18T15:55:15.305,1.73000000000,-0.00202593500,0.00324118740,0.03031026600
D,C8925E7DC6BD,1721307315315,2024-07-18T15:55:15.315,1.74000000000,0.00188031460,0.00372946800,0.03128683000
D,C8925E7DC6BD,1721307315325,2024-07-18T15:55:15.325,1.75000000000,0.00139203340,0.00128806420,0.03226338700
D,C8925E7DC6BD,1721307315335,2024-07-18T15:55:15.335,1.76000000000,0.00139203340,-0.00017678419,0.02933370300
D,C8925E7DC6BD,1721307315345,2024-07-18T15:55:15.345,1.77000000000,-0.00056109140,0.00275290660,0.03128683000
D,C8925E7DC6BD,1721307315355,2024-07-18T15:55:15.355,1.78000000000,-0.00056109140,0.00421774900,0.03128683000
D,C8925E7DC6BD,1721307315365,2024-07-18T15:55:15.365,1.79000000000,-0.00007281024,0.00177634500,0.03079854500
D,C8925E7DC6BD,1721307315375,2024-07-18T15:55:15.375,1.80000000000,0.00041547112,0.00177634500,0.03226338700
D,C8925E7DC6BD,1721307315385,2024-07-18T15:55:15.385,1.81000000000,0.00090375230,0.00177634500,0.03079854500
D,C8925E7DC6BD,1721307315395,2024-07-18T15:55:15.395,1.82000000000,-0.00007281024,0.00275290660,0.02982198400
D,C8925E7DC6BD,1721307315405,2024-07-18T15:55:15.405,1.83000000000,-0.00007281024,0.00275290660,0.03031026600
D,C8925E7DC6BD,1721307315415,2024-07-18T15:55:15.415,1.84000000000,-0.00007281024,0.00177634500,0.02933370300
D,C8925E7DC6BD,1721307315425,2024-07-18T15:55:15.425,1.85000000000,-0.00056109140,0.00177634500,0.03031026600
D,C8925E7DC6BD,1721307315435,2024-07-18T15:55:15.435,1.86000000000,-0.00202593500,0.00079977734,0.03226338700
D,C8925E7DC6BD,1721307315445,2024-07-18T15:55:15.445,1.87000000000,-0.00251421640,0.00226462590,0.03079854500
D,C8925E7DC6BD,1721307315455,2024-07-18T15:55:15.455,1.88000000000,-0.00153765390,-0.00017678419,0.03177510600
D,C8925E7DC6BD,1721307315465,2024-07-18T15:55:15.465,1.89000000000,-0.00007281024,0.00031149658,0.02933370300
D,C8925E7DC6BD,1721307315475,2024-07-18T15:55:15.475,1.90000000000,-0.00056109140,0.00275290660,0.02933370300
D,C8925E7DC6BD,1721307315485,2024-07-18T15:55:15.485,1.91000000000,0.00090375230,0.00128806420,0.03177510600
D,C8925E7DC6BD,1721307315495,2024-07-18T15:55:15.495,1.92000000000,-0.00007281024,-0.00164162650,0.03177510600
D,C8925E7DC6BD,1721307315535,2024-07-18T15:55:15.535,1.96000000000,-0.00153765390,0.00275290660,0.02933370300
D,C8925E7DC6BD,1721307315545,2024-07-18T15:55:15.545,1.97000000000,-0.00104937260,0.00324118740,0.03031026600
D,C8925E7DC6BD,1721307315555,2024-07-18T15:55:15.555,1.98000000000,-0.00007281024,0.00079977734,0.03079854500
D,C8925E7DC6BD,1721307315565,2024-07-18T15:55:15.565,1.99000000000,0.00188031460,0.00324118740,0.03275167000
D,C8925E7DC6BD,1721307315575,2024-07-18T15:55:15.575,2.00000000000,0.00285687720,0.00275290660,0.02884542200
D,C8925E7DC6BD,1721307315585,2024-07-18T15:55:15.585,2.01000000000,0.00090375230,0.00275290660,0.03372823000
D,C8925E7DC6BD,1721307315595,2024-07-18T15:55:15.595,2.02000000000,0.00090375230,0.00177634500,0.03079854500
D,C8925E7DC6BD,1721307315605,2024-07-18T15:55:15.605,2.03000000000,0.00139203340,-0.00066506496,0.03177510600
D,C8925E7DC6BD,1721307315625,2024-07-18T15:55:15.625,2.05000000000,0.00139203340,0.00275290660,0.03177510600
D,C8925E7DC6BD,1721307315635,2024-07-18T15:55:15.635,2.06000000000,0.00090375230,0.00226462590,0.02982198400
D,C8925E7DC6BD,1721307315645,2024-07-18T15:55:15.645,2.07000000000,-0.00104937260,0.00177634500,0.03128683000
D,C8925E7DC6BD,1721307315655,2024-07-18T15:55:15.655,2.08000000000,-0.00007281024,0.00372946800,0.03372823000
D,C8925E7DC6BD,1721307315665,2024-07-18T15:55:15.665,2.09000000000,-0.00153765390,0.00519431060,0.03275167000
D,C8925E7DC6BD,1721307315685,2024-07-18T15:55:15.685,2.11000000000,-0.00056109140,0.00372946800,0.03177510600
D,C8925E7DC6BD,1721307315695,2024-07-18T15:55:15.695,2.12000000000,-0.00056109140,0.00177634500,0.03323995000
D,C8925E7DC6BD,1721307315705,2024-07-18T15:55:15.705,2.13000000000,-0.00007281024,0.00177634500,0.02786886100
D,C8925E7DC6BD,1721307315725,2024-07-18T15:55:15.725,2.15000000000,0.00041547112,0.00177634500,0.03470479300
D,C8925E7DC6BD,1721307315735,2024-07-18T15:55:15.735,2.16000000000,0.00090375230,0.00079977734,0.03079854500
D,C8925E7DC6BD,1721307315745,2024-07-18T15:55:15.745,2.17000000000,0.00090375230,0.00275290660,0.02884542200
D,C8925E7DC6BD,1721307315755,2024-07-18T15:55:15.755,2.18000000000,0.00041547112,0.00177634500,0.03421651200
D,C8925E7DC6BD,1721307315765,2024-07-18T15:55:15.765,2.19000000000,0.00041547112,0.00226462590,0.02884542200
D,C8925E7DC6BD,1721307315775,2024-07-18T15:55:15.775,2.20000000000,0.00041547112,0.00128806420,0.02933370300
D,C8925E7DC6BD,1721307315785,2024-07-18T15:55:15.785,2.21000000000,-0.00056109140,0.00128806420,0.03177510600
D,C8925E7DC6BD,1721307315795,2024-07-18T15:55:15.795,2.22000000000,-0.00056109140,0.00275290660,0.02982198400
D,C8925E7DC6BD,1721307315805,2024-07-18T15:55:15.805,2.23000000000,0.00139203340,-0.00066506496,0.03226338700
D,C8925E7DC6BD,1721307315825,2024-07-18T15:55:15.825,2.25000000000,-0.00104937260,0.00226462590,0.02640402000
D,C8925E7DC6BD,1721307316015,2024-07-18T15:55:16.015,2.44000000000,-0.00056109140,0.00421774900,0.02884542200
D,C8925E7DC6BD,1721307316025,2024-07-18T15:55:16.025,2.45000000000,-0.00104937260,0.00372946800,0.03031026600
D,C8925E7DC6BD,1721307316035,2024-07-18T15:55:16.035,2.46000000000,-0.00056109140,0.00128806420,0.03323995000
D,C8925E7DC6BD,1721307316045,2024-07-18T15:55:16.045,2.47000000000,-0.00397906000,0.00324118740,0.03372823000
D,C8925E7DC6BD,1721307316055,2024-07-18T15:55:16.055,2.48000000000,-0.00104937260,0.00177634500,0.03226338700
D,C8925E7DC6BD,1721307316065,2024-07-18T15:55:16.065,2.49000000000,0.00041547112,0.00177634500,0.03128683000
D,C8925E7DC6BD,1721307316075,2024-07-18T15:55:16.075,2.50000000000,0.00188031460,0.00031149658,0.03275167000
D,C8925E7DC6BD,1721307316085,2024-07-18T15:55:16.085,2.51000000000,0.00041547112,-0.00115334570,0.03275167000
D,C8925E7DC6BD,1721307316095,2024-07-18T15:55:16.095,2.52000000000,0.00041547112,0.00226462590,0.03421651200
D,C8925E7DC6BD,1721307316115,2024-07-18T15:55:16.115,2.54000000000,0.00188031460,0.00079977734,0.03079854500
D,C8925E7DC6BD,1721307316125,2024-07-18T15:55:16.125,2.55000000000,0.00236859610,0.00128806420,0.02982198400
D,C8925E7DC6BD,1721307316135,2024-07-18T15:55:16.135,2.56000000000,0.00188031460,0.00079977734,0.03323995000
D,C8925E7DC6BD,1721307316145,2024-07-18T15:55:16.145,2.57000000000,0.00090375230,0.00031149658,0.03226338700
D,C8925E7DC6BD,1721307316155,2024-07-18T15:55:16.155,2.58000000000,-0.00056109140,0.00079977734,0.03226338700
D,C8925E7DC6BD,1721307316165,2024-07-18T15:55:16.165,2.59000000000,0.00188031460,-0.00017678419,0.02982198400
D,C8925E7DC6BD,1721307316175,2024-07-18T15:55:16.175,2.60000000000,0.00334515840,0.00177634500,0.02738058000
D,C8925E7DC6BD,1721307316185,2024-07-18T15:55:16.185,2.61000000000,0.00041547112,0.00226462590,0.02982198400
D,C8925E7DC6BD,1721307316195,2024-07-18T15:55:16.195,2.62000000000,-0.00104937260,0.00275290660,0.03226338700
D,C8925E7DC6BD,1721307316215,2024-07-18T15:55:16.215,2.64000000000,0.00041547112,0.00275290660,0.02884542200
D,C8925E7DC6BD,1721307316225,2024-07-18T15:55:16.225,2.65000000000,0.00041547112,0.00079977734,0.03177510600
D,C8925E7DC6BD,1721307316235,2024-07-18T15:55:16.235,2.66000000000,-0.00007281024,0.00226462590,0.03128683000
D,C8925E7DC6BD,1721307316245,2024-07-18T15:55:16.245,2.67000000000,-0.00202593500,0.00372946800,0.02933370300
D,C8925E7DC6BD,1721307316255,2024-07-18T15:55:16.255,2.68000000000,0.00041547112,0.00128806420,0.03079854500
D,C8925E7DC6BD,1721307316395,2024-07-18T15:55:16.395,2.82000000000,0.00090375230,0.00128806420,0.03323995000
D,C8925E7DC6BD,1721307316415,2024-07-18T15:55:16.415,2.84000000000,0.00090375230,0.00177634500,0.03177510600
D,C8925E7DC6BD,1721307316425,2024-07-18T15:55:16.425,2.85000000000,-0.00153765390,0.00275290660,0.03226338700
D,C8925E7DC6BD,1721307316435,2024-07-18T15:55:16.435,2.86000000000,-0.00251421640,0.00177634500,0.03079854500
D,C8925E7DC6BD,1721307316445,2024-07-18T15:55:16.445,2.87000000000,-0.00056109140,0.00324118740,0.03128683000
D,C8925E7DC6BD,1721307316455,2024-07-18T15:55:16.455,2.88000000000,0.00090375230,0.00324118740,0.03079854500
D,C8925E7DC6BD,1721307316465,2024-07-18T15:55:16.465,2.89000000000,0.00041547112,0.00275290660,0.03079854500
D,C8925E7DC6BD,1721307316475,2024-07-18T15:55:16.475,2.90000000000,0.00285687720,0.00421774900,0.03226338700
D,C8925E7DC6BD,1721307316495,2024-07-18T15:55:16.495,2.92000000000,-0.00153765390,0.00324118740,0.03226338700
D,C8925E7DC6BD,1721307316515,2024-07-18T15:55:16.515,2.94000000000,-0.00007281024,0.00128806420,0.03226338700
D,C8925E7DC6BD,1721307316525,2024-07-18T15:55:16.525,2.95000000000,0.00139203340,0.00128806420,0.02982198400
D,C8925E7DC6BD,1721307316535,2024-07-18T15:55:16.535,2.96000000000,0.00090375230,0.00275290660,0.03079854500
D,C8925E7DC6BD,1721307316545,2024-07-18T15:55:16.545,2.97000000000,-0.00007281024,0.00079977734,0.02933370300
D,C8925E7DC6BD,1721307316555,2024-07-18T15:55:16.555,2.98000000000,0.00188031460,0.00177634500,0.03079854500
D,C8925E7DC6BD,1721307316565,2024-07-18T15:55:16.565,2.99000000000,0.00041547112,0.00275290660,0.03372823000
D,C8925E7DC6BD,1721307316575,2024-07-18T15:55:16.575,3.00000000000,0.00090375230,0.00079977734,0.03128683000
D,C8925E7DC6BD,1721307316585,2024-07-18T15:55:16.585,3.01000000000,-0.00104937260,-0.00017678419,0.03226338700
D,C8925E7DC6BD,1721307316595,2024-07-18T15:55:16.595,3.02000000000,0.00041547112,0.00079977734,0.03177510600
D,C8925E7DC6BD,1721307316615,2024-07-18T15:55:16.615,3.04000000000,0.00139203340,0.00177634500,0.03128683000
D,C8925E7DC6BD,1721307316625,2024-07-18T15:55:16.625,3.05000000000,-0.00153765390,0.00372946800,0.03372823000
D,C8925E7DC6BD,1721307316635,2024-07-18T15:55:16.635,3.06000000000,0.00041547112,0.00226462590,0.03177510600
D,C8925E7DC6BD,1721307316645,2024-07-18T15:55:16.645,3.07000000000,0.00236859610,0.00079977734,0.02982198400
D,C8925E7DC6BD,1721307316655,2024-07-18T15:55:16.655,3.08000000000,0.00236859610,-0.00066506496,0.03177510600
D,C8925E7DC6BD,1721307316665,2024-07-18T15:55:16.665,3.09000000000,-0.00104937260,0.00177634500,0.02933370300
BD,C8925E7DC6BD,1721307316675,2024-07-18T15:55:16.675,3.10000000000,-0.00056109140,0.00324118740,0.02884542200
D,C8925E7DC6BD,1721307316685,2024-07-18T15:55:16.685,3.11000000000,-0.00007281024,0.00324118740,0.03031026600
D,C8925E7DC6BD,1721307316695,2024-07-18T15:55:16.695,3.12000000000,0.00139203340,0.00079977734,0.02982198400
D,C8925E7DC6BD,1721307316715,2024-07-18T15:55:16.715,3.14000000000,0.00041547112,0.00372946800,0.03226338700
D,C8925E7DC6BD,1721307316725,2024-07-18T15:55:16.725,3.15000000000,0.00188031460,0.00324118740,0.03177510600
D,C8925E7DC6BD,1721307316735,2024-07-18T15:55:16.735,3.16000000000,0.00041547112,0.00421774900,0.03177510600
D,C8925E7DC6BD,1721307316745,2024-07-18T15:55:16.745,3.17000000000,-0.00104937260,0.00324118740,0.03079854500
D,C8925E7DC6BD,1721307316755,2024-07-18T15:55:16.755,3.18000000000,-0.00349077890,0.00226462590,0.03226338700
D,C8925E7DC6BD,1721307316765,2024-07-18T15:55:16.765,3.19000000000,-0.00593218500,0.00617087200,0.03079854500
D,C8925E7DC6BD,1721307316775,2024-07-18T15:55:16.775,3.20000000000,-0.00397906000,0.00324118740,0.03128683000
D,C8925E7DC6BD,1721307316785,2024-07-18T15:55:16.785,3.21000000000,-0.00202593500,0.00128806420,0.03421651200
D,C8925E7DC6BD,1721307316795,2024-07-18T15:55:16.795,3.22000000000,-0.00153765390,0.00275290660,0.03177510600
D,C8925E7DC6BD,1721307316815,2024-07-18T15:55:16.815,3.24000000000,0.00188031460,0.00177634500,0.03372823000
D,C8925E7DC6BD,1721307316825,2024-07-18T15:55:16.825,3.25000000000,0.00139203340,0.00226462590,0.03275167000
D,C8925E7DC6BD,1721307316835,2024-07-18T15:55:16.835,3.26000000000,0.00090375230,0.00177634500,0.03421651200
D,C8925E7DC6BD,1721307316845,2024-07-18T15:55:16.845,3.27000000000,-0.00104937260,-0.00017678419,0.03226338700
D,C8925E7DC6BD,1721307316855,2024-07-18T15:55:16.855,3.28000000000,0.00383343970,-0.00115334570,0.03128683000
D,C8925E7DC6BD,1721307316865,2024-07-18T15:55:16.865,3.29000000000,0.00090375230,-0.00212990730,0.03031026600
D,C8925E7DC6BD,1721307316885,2024-07-18T15:55:16.885,3.31000000000,0.00285687720,-0.00017678419,0.03079854500
D,C8925E7DC6BD,1721307316905,2024-07-18T15:55:16.905,3.33000000000,0.00236859610,-0.00212990730,0.03128683000
D,C8925E7DC6BD,1721307316915,2024-07-18T15:55:16.915,3.34000000000,0.00090375230,-0.00310646880,0.03031026600
D,C8925E7DC6BD,1721307316925,2024-07-18T15:55:16.925,3.35000000000,0.00529828300,-0.00310646880,0.03226338700
D,C8925E7DC6BD,1721307316935,2024-07-18T15:55:16.935,3.36000000000,0.00383343970,-0.00457131100,0.03226338700
D,C8925E7DC6BD,1721307316945,2024-07-18T15:55:16.945,3.37000000000,-0.00007281024,-0.00115334570,0.02982198400
D,C8925E7DC6BD,1721307316955,2024-07-18T15:55:16.955,3.38000000000,-0.00202593500,-0.00164162650,0.03031026600
D,C8925E7DC6BD,1721307316965,2024-07-18T15:55:16.965,3.39000000000,0.00041547112,0.00031149658,0.03128683000
D,C8925E7DC6BD,1721307316975,2024-07-18T15:55:16.975,3.40000000000,-0.00007281024,-0.00017678419,0.03128683000
D,C8925E7DC6BD,1721307316985,2024-07-18T15:55:16.985,3.41000000000,-0.00007281024,0.00177634500,0.03177510600
D,C8925E7DC6BD,1721307317005,2024-07-18T15:55:17.005,3.43000000000,0.00285687720,0.00372946800,0.02933370300
D,C8925E7DC6BD,1721307317015,2024-07-18T15:55:17.015,3.44000000000,-0.00007281024,0.00128806420,0.02933370300
D,C8925E7DC6BD,1721307317025,2024-07-18T15:55:17.025,3.45000000000,-0.00153765390,0.00128806420,0.03177510600
D,C8925E7DC6BD,1721307317035,2024-07-18T15:55:17.035,3.46000000000,-0.00251421640,0.00275290660,0.03031026600
D,C8925E7DC6BD,1721307317045,2024-07-18T15:55:17.045,3.47000000000,-0.00349077890,0.00470603000,0.03323995000
D,C8925E7DC6BD,1721307317055,2024-07-18T15:55:17.055,3.48000000000,-0.00251421640,0.00568259130,0.03275167000
D,C8925E7DC6BD,1721307317065,2024-07-18T15:55:17.065,3.49000000000,-0.00397906000,0.00568259130,0.03177510600
D,C8925E7DC6BD,1721307317075,2024-07-18T15:55:17.075,3.50000000000,-0.00446734100,0.00665915300,0.03031026600
D,C8925E7DC6BD,1721307317085,2024-07-18T15:55:17.085,3.51000000000,-0.00153765390,0.01007712400,0.03128683000
D,C8925E7DC6BD,1721307317105,2024-07-18T15:55:17.105,3.53000000000,-0.00007281024,0.00665915300,0.03372823000
D,C8925E7DC6BD,1721307317115,2024-07-18T15:55:17.115,3.54000000000,-0.00153765390,0.00617087200,0.03275167000
BD,C8925E7DC6BD,1721307317125,2024-07-18T15:55:17.125,3.55000000000,0.00090375230,0.00372946800,0.03275167000
D,C8925E7DC6BD,1721307317135,2024-07-18T15:55:17.135,3.56000000000,-0.00056109140,0.00470603000,0.03177510600
D,C8925E7DC6BD,1721307317145,2024-07-18T15:55:17.145,3.57000000000,-0.00104937260,0.00324118740,0.03372823000
D,C8925E7DC6BD,1721307317155,2024-07-18T15:55:17.155,3.58000000000,-0.00349077890,0.00372946800,0.03226338700
D,C8925E7DC6BD,1721307317165,2024-07-18T15:55:17.165,3.59000000000,-0.00153765390,0.00177634500,0.02884542200
D,C8925E7DC6BD,1721307317175,2024-07-18T15:55:17.175,3.60000000000,0.00090375230,0.00079977734,0.03079854500
D,C8925E7DC6BD,1721307317185,2024-07-18T15:55:17.185,3.61000000000,0.00383343970,0.00079977734,0.03128683000
D,C8925E7DC6BD,1721307317205,2024-07-18T15:55:17.205,3.63000000000,0.00334515840,0.00177634500,0.03128683000
D,C8925E7DC6BD,1721307317215,2024-07-18T15:55:17.215,3.64000000000,0.00041547112,-0.00017678419,0.03128683000
D,C8925E7DC6BD,1721307317225,2024-07-18T15:55:17.225,3.65000000000,-0.00007281024,0.00031149658,0.03177510600
D,C8925E7DC6BD,1721307317235,2024-07-18T15:55:17.235,3.66000000000,-0.00056109140,0.00226462590,0.03031026600
D,C8925E7DC6BD,1721307317245,2024-07-18T15:55:17.245,3.67000000000,0.00188031460,-0.00261818800,0.03079854500
D,C8925E7DC6BD,1721307317255,2024-07-18T15:55:17.255,3.68000000000,0.00236859610,-0.00164162650,0.02689229900
D,C8925E7DC6BD,1721307317265,2024-07-18T15:55:17.265,3.69000000000,0.00236859610,-0.00115334570,0.03177510600
D,C8925E7DC6BD,1721307317275,2024-07-18T15:55:17.275,3.70000000000,0.00432172100,-0.00164162650,0.03275167000
D,C8925E7DC6BD,1721307317285,2024-07-18T15:55:17.285,3.71000000000,0.00383343970,-0.00212990730,0.02933370300
D,C8925E7DC6BD,1721307317305,2024-07-18T15:55:17.305,3.73000000000,0.00188031460,0.00031149658,0.03275167000
D,C8925E7DC6BD,1721307317315,2024-07-18T15:55:17.315,3.74000000000,-0.00007281024,-0.00017678419,0.03226338700
D,C8925E7DC6BD,1721307317325,2024-07-18T15:55:17.325,3.75000000000,-0.00202593500,0.00031149658,0.03323995000
D,C8925E7DC6BD,1721307317335,2024-07-18T15:55:17.335,3.76000000000,-0.00056109140,0.00128806420,0.02933370300
D,C8925E7DC6BD,1721307317345,2024-07-18T15:55:17.345,3.77000000000,0.00090375230,0.00275290660,0.03079854500
D,C8925E7DC6BD,1721307317355,2024-07-18T15:55:17.355,3.78000000000,0.00188031460,0.00421774900,0.03372823000
D,C8925E7DC6BD,1721307317365,2024-07-18T15:55:17.365,3.79000000000,0.00188031460,0.00177634500,0.03177510600
D,C8925E7DC6BD,1721307317375,2024-07-18T15:55:17.375,3.80000000000,-0.00056109140,0.00372946800,0.03128683000
D,C8925E7DC6BD,1721307317385,2024-07-18T15:55:17.385,3.81000000000,-0.00251421640,0.00421774900,0.02835714300
D,C8925E7DC6BD,1721307317405,2024-07-18T15:55:17.405,3.83000000000,-0.00251421640,0.00568259130,0.03177510600
D,C8925E7DC6BD,1721307317415,2024-07-18T15:55:17.415,3.84000000000,-0.00056109140,0.00421774900,0.03128683000
D,C8925E7DC6BD,1721307317425,2024-07-18T15:55:17.425,3.85000000000,-0.00104937260,0.00421774900,0.02982198400
D,C8925E7DC6BD,1721307317435,2024-07-18T15:55:17.435,3.86000000000,-0.00300249760,0.00275290660,0.03079854500
D,C8925E7DC6BD,1721307317445,2024-07-18T15:55:17.445,3.87000000000,-0.00202593500,0.00128806420,0.03372823000
D,C8925E7DC6BD,1721307317455,2024-07-18T15:55:17.455,3.88000000000,-0.00007281024,0.00324118740,0.03275167000
D,C8925E7DC6BD,1721307317465,2024-07-18T15:55:17.465,3.89000000000,-0.00007281024,0.00226462590,0.03177510600
D,C8925E7DC6BD,1721307317475,2024-07-18T15:55:17.475,3.90000000000,-0.00007281024,0.00324118740,0.03372823000
D,C8925E7DC6BD,1721307317485,2024-07-18T15:55:17.485,3.91000000000,-0.00056109140,0.00031149658,0.03372823000
D,C8925E7DC6BD,1721307317505,2024-07-18T15:55:17.505,3.93000000000,0.00041547112,0.00079977734,0.03323995000
D,C8925E7DC6BD,1721307317515,2024-07-18T15:55:17.515,3.94000000000,0.00139203340,0.00177634500,0.03177510600
D,C8925E7DC6BD,1721307317525,2024-07-18T15:55:17.525,3.95000000000,0.00090375230,0.00128806420,0.03421651200
D,C8925E7DC6BD,1721307317535,2024-07-18T15:55:17.535,3.96000000000,0.00090375230,-0.00017678419,0.03275167000
D,C8925E7DC6BD,1721307317545,2024-07-18T15:55:17.545,3.97000000000,0.00090375230,0.00128806420,0.03128683000
D,C8925E7DC6BD,1721307317665,2024-07-18T15:55:17.665,4.09000000000,0.00139203340,0.00324118740,0.03031026600
D,C8925E7DC6BD,1721307317675,2024-07-18T15:55:17.675,4.10000000000,0.00090375230,0.00324118740,0.03226338700
D,C8925E7DC6BD,1721307317685,2024-07-18T15:55:17.685,4.11000000000,-0.00104937260,0.00421774900,0.02982198400
D,C8925E7DC6BD,1721307317705,2024-07-18T15:55:17.705,4.13000000000,-0.00007281024,0.00275290660,0.02835714300
D,C8925E7DC6BD,1721307317725,2024-07-18T15:55:17.725,4.15000000000,-0.00251421640,-0.00017678419,0.03031026600
D,C8925E7DC6BD,1721307317735,2024-07-18T15:55:17.735,4.16000000000,-0.00153765390,0.00177634500,0.03031026600
D,C8925E7DC6BD,1721307317745,2024-07-18T15:55:17.745,4.17000000000,0.00041547112,-0.00017678419,0.02982198400
D,C8925E7DC6BD,1721307317755,2024-07-18T15:55:17.755,4.18000000000,0.00188031460,0.00079977734,0.03275167000
D,C8925E7DC6BD,1721307317765,2024-07-18T15:55:17.765,4.19000000000,0.00139203340,0.00226462590,0.03372823000
D,C8925E7DC6BD,1721307317775,2024-07-18T15:55:17.775,4.20000000000,-0.00056109140,-0.00066506496,0.03128683000
D,C8925E7DC6BD,1721307317795,2024-07-18T15:55:17.795,4.22000000000,0.00188031460,0.00177634500,0.03128683000
D,C8925E7DC6BD,1721307317805,2024-07-18T15:55:17.805,4.23000000000,0.00188031460,0.00079977734,0.03079854500
D,C8925E7DC6BD,1721307317815,2024-07-18T15:55:17.815,4.24000000000,0.00188031460,-0.00066506496,0.03226338700
D,C8925E7DC6BD,1721307317825,2024-07-18T15:55:17.825,4.25000000000,0.00041547112,0.00079977734,0.03079854500
D,C8925E7DC6BD,1721307317835,2024-07-18T15:55:17.835,4.26000000000,0.00041547112,0.00226462590,0.03275167000
D,C8925E7DC6BD,1721307317845,2024-07-18T15:55:17.845,4.27000000000,0.00041547112,0.00128806420,0.03128683000
D,C8925E7DC6BD,1721307317855,2024-07-18T15:55:17.855,4.28000000000,0.00090375230,0.00079977734,0.03372823000
D,C8925E7DC6BD,1721307317865,2024-07-18T15:55:17.865,4.29000000000,-0.00007281024,0.00275290660,0.03275167000
D,C8925E7DC6BD,1721307317875,2024-07-18T15:55:17.875,4.30000000000,0.00139203340,0.00226462590,0.03079854500
D,C8925E7DC6BD,1721307317895,2024-07-18T15:55:17.895,4.32000000000,-0.00104937260,-0.00017678419,0.03079854500
D,C8925E7DC6BD,1721307317905,2024-07-18T15:55:17.905,4.33000000000,0.00188031460,0.00177634500,0.03031026600
D,C8925E7DC6BD,1721307317915,2024-07-18T15:55:17.915,4.34000000000,-0.00007281024,0.00324118740,0.03372823000
D,C8925E7DC6BD,1721307317955,2024-07-18T15:55:17.955,4.38000000000,-0.00153765390,0.00177634500,0.03128683000
D,C8925E7DC6BD,1721307317975,2024-07-18T15:55:17.975,4.40000000000,-0.00007281024,0.00031149658,0.03275167000
D,C8925E7DC6BD,1721307317995,2024-07-18T15:55:17.995,4.42000000000,-0.00007281024,0.00031149658,0.03226338700
D,C8925E7DC6BD,1721307318005,2024-07-18T15:55:18.005,4.43000000000,-0.00007281024,0.00128806420,0.03372823000
D,C8925E7DC6BD,1721307318015,2024-07-18T15:55:18.015,4.44000000000,-0.00007281024,0.00079977734,0.03275167000
D,C8925E7DC6BD,1721307318025,2024-07-18T15:55:18.025,4.45000000000,0.00041547112,-0.00066506496,0.02933370300
D,C8925E7DC6BD,1721307318035,2024-07-18T15:55:18.035,4.46000000000,0.00090375230,0.00079977734,0.02835714300
D,C8925E7DC6BD,1721307318045,2024-07-18T15:55:18.045,4.47000000000,-0.00007281024,0.00372946800,0.03226338700
D,C8925E7DC6BD,1721307318055,2024-07-18T15:55:18.055,4.48000000000,-0.00104937260,0.00275290660,0.03128683000
D,C8925E7DC6BD,1721307318065,2024-07-18T15:55:18.065,4.49000000000,-0.00104937260,-0.00066506496,0.02933370300
D,C8925E7DC6BD,1721307318075,2024-07-18T15:55:18.075,4.50000000000,0.00285687720,0.00226462590,0.03323995000
D,C8925E7DC6BD,1721307318095,2024-07-18T15:55:18.095,4.52000000000,-0.00104937260,-0.00017678419,0.03079854500
D,C8925E7DC6BD,1721307318105,2024-07-18T15:55:18.105,4.53000000000,-0.00104937260,0.00031149658,0.03226338700
D,C8925E7DC6BD,1721307318125,2024-07-18T15:55:18.125,4.55000000000,-0.00104937260,0.00031149658,0.03031026600
D,C8925E7DC6BD,1721307318135,2024-07-18T15:55:18.135,4.56000000000,-0.00056109140,0.00031149658,0.03128683000
D,C8925E7DC6BD,1721307318145,2024-07-18T15:55:18.145,4.57000000000,0.00090375230,0.00031149658,0.03079854500
D,C8925E7DC6BD,1721307318155,2024-07-18T15:55:18.155,4.58000000000,0.00090375230,0.00031149658,0.03079854500
D,C8925E7DC6BD,1721307318165,2024-07-18T15:55:18.165,4.59000000000,-0.00007281024,0.00128806420,0.02982198400
D,C8925E7DC6BD,1721307318175,2024-07-18T15:55:18.175,4.60000000000,-0.00007281024,0.00079977734,0.03226338700
D,C8925E7DC6BD,1721307318195,2024-07-18T15:55:18.195,4.62000000000,0.00090375230,0.00275290660,0.02982198400
D,C8925E7DC6BD,1721307318205,2024-07-18T15:55:18.205,4.63000000000,-0.00104937260,0.00372946800,0.03275167000
D,C8925E7DC6BD,1721307318215,2024-07-18T15:55:18.215,4.64000000000,0.00041547112,0.00275290660,0.03421651200
D,C8925E7DC6BD,1721307318225,2024-07-18T15:55:18.225,4.65000000000,-0.00056109140,0.00079977734,0.03031026600
D,C8925E7DC6BD,1721307318235,2024-07-18T15:55:18.235,4.66000000000,-0.00104937260,0.00177634500,0.02884542200
D,C8925E7DC6BD,1721307318245,2024-07-18T15:55:18.245,4.67000000000,-0.00007281024,0.00128806420,0.03031026600
D,C8925E7DC6BD,1721307318255,2024-07-18T15:55:18.255,4.68000000000,0.00041547112,-0.00017678419,0.03079854500
D,C8925E7DC6BD,1721307318355,2024-07-18T15:55:18.355,4.78000000000,0.00285687720,0.00226462590,0.02982198400
D,C8925E7DC6BD,1721307318365,2024-07-18T15:55:18.365,4.79000000000,-0.00056109140,-0.00115334570,0.03226338700
D,C8925E7DC6BD,1721307318375,2024-07-18T15:55:18.375,4.80000000000,0.00285687720,0.00031149658,0.03177510600
D,C8925E7DC6BD,1721307318395,2024-07-18T15:55:18.395,4.82000000000,0.00041547112,0.00177634500,0.02982198400
D,C8925E7DC6BD,1721307318405,2024-07-18T15:55:18.405,4.83000000000,0.00090375230,0.00177634500,0.03031026600
D,C8925E7DC6BD,1721307318415,2024-07-18T15:55:18.415,4.84000000000,-0.00056109140,0.00275290660,0.03128683000
D,C8925E7DC6BD,1721307318425,2024-07-18T15:55:18.425,4.85000000000,-0.00104937260,0.00275290660,0.02982198400
D,C8925E7DC6BD,1721307318435,2024-07-18T15:55:18.435,4.86000000000,-0.00104937260,0.00421774900,0.03323995000
D,C8925E7DC6BD,1721307318445,2024-07-18T15:55:18.445,4.87000000000,-0.00251421640,0.00421774900,0.03323995000
D,C8925E7DC6BD,1721307318455,2024-07-18T15:55:18.455,4.88000000000,-0.00300249760,0.00421774900,0.03079854500
D,C8925E7DC6BD,1721307318465,2024-07-18T15:55:18.465,4.89000000000,-0.00251421640,0.00470603000,0.03031026600
D,C8925E7DC6BD,1721307318475,2024-07-18T15:55:18.475,4.90000000000,-0.00300249760,0.00324118740,0.03128683000
D,C8925E7DC6BD,1721307318495,2024-07-18T15:55:18.495,4.92000000000,0.00188031460,0.00568259130,0.03226338700
D,C8925E7DC6BD,1721307318505,2024-07-18T15:55:18.505,4.93000000000,0.00139203340,0.00568259130,0.03128683000
D,C8925E7DC6BD,1721307318515,2024-07-18T15:55:18.515,4.94000000000,0.00041547112,0.00324118740,0.03470479300
D,C8925E7DC6BD,1721307318525,2024-07-18T15:55:18.525,4.95000000000,0.00188031460,0.00128806420,0.03226338700
D,C8925E7DC6BD,1721307318535,2024-07-18T15:55:18.535,4.96000000000,0.00139203340,-0.00017678419,0.03226338700
D,C8925E7DC6BD,1721307318545,2024-07-18T15:55:18.545,4.97000000000,0.00041547112,0.00031149658,0.03177510600
D,C8925E7DC6BD,1721307318555,2024-07-18T15:55:18.555,4.98000000000,-0.00007281024,-0.00017678419,0.03079854500
D,C8925E7DC6BD,1721307318565,2024-07-18T15:55:18.565,4.99000000000,-0.00202593500,-0.00164162650,0.02982198400
D,C8925E7DC6BD,1721307318575,2024-07-18T15:55:18.575,5.00000000000,0.00090375230,-0.00115334570,0.03421651200
D,C8925E7DC6BD,1721307318595,2024-07-18T15:55:18.595,5.02000000000,0.00334515840,0.00079977734,0.02738058000
D,C8925E7DC6BD,1721307318605,2024-07-18T15:55:18.605,5.03000000000,0.00481000200,0.00079977734,0.03177510600
D,C8925E7DC6BD,1721307318615,2024-07-18T15:55:18.615,5.04000000000,0.00334515840,0.00079977734,0.03323995000
D,C8925E7DC6BD,1721307318755,2024-07-18T15:55:18.755,5.18000000000,-0.00104937260,0.00128806420,0.03079854500
D,C8925E7DC6BD,1721307318765,2024-07-18T15:55:18.765,5.19000000000,0.00285687720,0.00421774900,0.03177510600
D,C8925E7DC6BD,1721307318795,2024-07-18T15:55:18.795,5.22000000000,-0.00007281024,0.00519431060,0.03031026600
D,C8925E7DC6BD,1721307318805,2024-07-18T15:55:18.805,5.23000000000,-0.00104937260,0.00324118740,0.03031026600
D,C8925E7DC6BD,1721307318815,2024-07-18T15:55:18.815,5.24000000000,-0.00007281024,0.00177634500,0.03275167000
D,C8925E7DC6BD,1721307318825,2024-07-18T15:55:18.825,5.25000000000,0.00334515840,0.00226462590,0.03323995000
D,C8925E7DC6BD,1721307318835,2024-07-18T15:55:18.835,5.26000000000,-0.00202593500,-0.00066506496,0.03079854500
D,C8925E7DC6BD,1721307318845,2024-07-18T15:55:18.845,5.27000000000,-0.00202593500,-0.00261818800,0.03128683000
D,C8925E7DC6BD,1721307318855,2024-07-18T15:55:18.855,5.28000000000,0.00188031460,-0.00017678419,0.03177510600
D,C8925E7DC6BD,1721307318865,2024-07-18T15:55:18.865,5.29000000000,-0.00153765390,0.00079977734,0.03031026600
D,C8925E7DC6BD,1721307318885,2024-07-18T15:55:18.885,5.31000000000,-0.00104937260,0.00226462590,0.03421651200
D,C8925E7DC6BD,1721307318895,2024-07-18T15:55:18.895,5.32000000000,-0.00056109140,0.00128806420,0.03031026600
D,C8925E7DC6BD,1721307318905,2024-07-18T15:55:18.905,5.33000000000,0.00188031460,-0.00164162650,0.03128683000
D,C8925E7DC6BD,1721307318915,2024-07-18T15:55:18.915,5.34000000000,0.00188031460,-0.00066506496,0.03226338700
D,C8925E7DC6BD,1721307318925,2024-07-18T15:55:18.925,5.35000000000,0.00139203340,-0.00164162650,0.03372823000
D,C8925E7DC6BD,1721307318935,2024-07-18T15:55:18.935,5.36000000000,0.00090375230,-0.00310646880,0.03323995000
D,C8925E7DC6BD,1721307318945,2024-07-18T15:55:18.945,5.37000000000,0.00188031460,0.00079977734,0.03275167000
D,C8925E7DC6BD,1721307318955,2024-07-18T15:55:18.955,5.38000000000,0.00090375230,-0.00017678419,0.03128683000
D,C8925E7DC6BD,1721307318965,2024-07-18T15:55:18.965,5.39000000000,0.00139203340,-0.00115334570,0.03031026600
D,C8925E7DC6BD,1721307318985,2024-07-18T15:55:18.985,5.41000000000,0.00285687720,-0.00115334570,0.03079854500
D,C8925E7DC6BD,1721307318995,2024-07-18T15:55:18.995,5.42000000000,0.00334515840,0.00031149658,0.03372823000
D,C8925E7DC6BD,1721307319005,2024-07-18T15:55:19.005,5.43000000000,-0.00349077890,-0.00066506496,0.02835714300
D,C8925E7DC6BD,1721307319015,2024-07-18T15:55:19.015,5.44000000000,-0.00202593500,0.00031149658,0.03177510600
D,C8925E7DC6BD,1721307319025,2024-07-18T15:55:19.025,5.45000000000,-0.00202593500,0.00079977734,0.03177510600
D,C8925E7DC6BD,1721307319035,2024-07-18T15:55:19.035,5.46000000000,-0.00251421640,0.00324118740,0.02933370300
D,C8925E7DC6BD,1721307318755,2024-07-18T15:55:18.755,5.18000000000,-0.00104937260,0.00128806420,0.03079854500
D,C8925E7DC6BD,1721307318765,2024-07-18T15:55:18.765,5.19000000000,0.00285687720,0.00421774900,0.03177510600
D,C8925E7DC6BD,1721307318795,2024-07-18T15:55:18.795,5.22000000000,-0.00007281024,0.00519431060,0.03031026600
D,C8925E7DC6BD,1721307318805,2024-07-18T15:55:18.805,5.23000000000,-0.00104937260,0.00324118740,0.03031026600
D,C8925E7DC6BD,1721307318815,2024-07-18T15:55:18.815,5.24000000000,-0.00007281024,0.00177634500,0.03275167000
D,C8925E7DC6BD,1721307318825,2024-07-18T15:55:18.825,5.25000000000,0.00334515840,0.00226462590,0.03323995000
D,C8925E7DC6BD,1721307318835,2024-07-18T15:55:18.835,5.26000000000,-0.00202593500,-0.00066506496,0.03079854500
D,C8925E7DC6BD,1721307318845,2024-07-18T15:55:18.845,5.27000000000,-0.00202593500,-0.00261818800,0.03128683000
D,C8925E7DC6BD,1721307318855,2024-07-18T15:55:18.855,5.28000000000,0.00188031460,-0.00017678419,0.03177510600
D,C8925E7DC6BD,1721307318865,2024-07-18T15:55:18.865,5.29000000000,-0.00153765390,0.00079977734,0.03031026600
D,C8925E7DC6BD,1721307318885,2024-07-18T15:55:18.885,5.31000000000,-0.00104937260,0.00226462590,0.03421651200
D,C8925E7DC6BD,1721307318895,2024-07-18T15:55:18.895,5.32000000000,-0.00056109140,0.00128806420,0.03031026600
D,C8925E7DC6BD,1721307318905,2024-07-18T15:55:18.905,5.33000000000,0.00188031460,-0.00164162650,0.03128683000
D,C8925E7DC6BD,1721307318915,2024-07-18T15:55:18.915,5.34000000000,0.00188031460,-0.00066506496,0.03226338700
D,C8925E7DC6BD,1721307318925,2024-07-18T15:55:18.925,5.35000000000,0.00139203340,-0.00164162650,0.03372823000
D,C8925E7DC6BD,1721307318935,2024-07-18T15:55:18.935,5.36000000000,0.00090375230,-0.00310646880,0.03323995000
D,C8925E7DC6BD,1721307318945,2024-07-18T15:55:18.945,5.37000000000,0.00188031460,0.00079977734,0.03275167000
D,C8925E7DC6BD,1721307318955,2024-07-18T15:55:18.955,5.38000000000,0.00090375230,-0.00017678419,0.03128683000
D,C8925E7DC6BD,1721307318965,2024-07-18T15:55:18.965,5.39000000000,0.00139203340,-0.00115334570,0.03031026600
D,C8925E7DC6BD,1721307318985,2024-07-18T15:55:18.985,5.41000000000,0.00285687720,-0.00115334570,0.03079854500
D,C8925E7DC6BD,1721307318995,2024-07-18T15:55:18.995,5.42000000000,0.00334515840,0.00031149658,0.03372823000
D,C8925E7DC6BD,1721307319005,2024-07-18T15:55:19.005,5.43000000000,-0.00349077890,-0.00066506496,0.02835714300
D,C8925E7DC6BD,1721307319015,2024-07-18T15:55:19.015,5.44000000000,-0.00202593500,0.00031149658,0.03177510600
D,C8925E7DC6BD,1721307319025,2024-07-18T15:55:19.025,5.45000000000,-0.00202593500,0.00079977734,0.03177510600
D,C8925E7DC6BD,1721307319035,2024-07-18T15:55:19.035,5.46000000000,-0.00251421640,0.00324118740,0.02933370300
BD,C8925E7DC6BD,1721307319575,2024-07-18T15:55:19.575,6.00000000000,-0.00007281024,0.00372946800,0.03226338700
D,C8925E7DC6BD,1721307319585,2024-07-18T15:55:19.585,6.01000000000,0.00139203340,0.00324118740,0.03226338700
D,C8925E7DC6BD,1721307319595,2024-07-18T15:55:19.595,6.02000000000,0.00188031460,0.00324118740,0.03226338700
D,C8925E7DC6BD,1721307319605,2024-07-18T15:55:19.605,6.03000000000,-0.00007281024,0.00372946800,0.03226338700
D,C8925E7DC6BD,1721307319615,2024-07-18T15:55:19.615,6.04000000000,-0.00251421640,0.00519431060,0.03275167000
D,C8925E7DC6BD,1721307319625,2024-07-18T15:55:19.625,6.05000000000,-0.00007281024,-0.00115334570,0.03079854500
D,C8925E7DC6BD,1721307319635,2024-07-18T15:55:19.635,6.06000000000,-0.00104937260,0.00031149658,0.03177510600
D,C8925E7DC6BD,1721307319645,2024-07-18T15:55:19.645,6.07000000000,-0.00104937260,0.00226462590,0.03372823000
D,C8925E7DC6BD,1721307319655,2024-07-18T15:55:19.655,6.08000000000,0.00041547112,0.00079977734,0.03128683000
D,C8925E7DC6BD,1721307319675,2024-07-18T15:55:19.675,6.10000000000,0.00188031460,0.00226462590,0.03128683000
D,C8925E7DC6BD,1721307319685,2024-07-18T15:55:19.685,6.11000000000,0.00236859610,0.00079977734,0.03128683000
D,C8925E7DC6BD,1721307319695,2024-07-18T15:55:19.695,6.12000000000,-0.00007281024,0.00128806420,0.02982198400
D,C8925E7DC6BD,1721307319705,2024-07-18T15:55:19.705,6.13000000000,-0.00007281024,0.00226462590,0.03079854500
D,C8925E7DC6BD,1721307319715,2024-07-18T15:55:19.715,6.14000000000,-0.00056109140,-0.00017678419,0.03275167000
D,C8925E7DC6BD,1721307319725,2024-07-18T15:55:19.725,6.15000000000,-0.00153765390,0.00128806420,0.03226338700
D,C8925E7DC6BD,1721307319735,2024-07-18T15:55:19.735,6.16000000000,-0.00104937260,0.00275290660,0.02835714300
D,C8925E7DC6BD,1721307319745,2024-07-18T15:55:19.745,6.17000000000,0.00041547112,0.00128806420,0.03079854500
D,C8925E7DC6BD,1721307319755,2024-07-18T15:55:19.755,6.18000000000,-0.00007281024,0.00079977734,0.03226338700
D,C8925E7DC6BD,1721307319775,2024-07-18T15:55:19.775,6.20000000000,0.00139203340,0.00324118740,0.03226338700
D,C8925E7DC6BD,1721307319785,2024-07-18T15:55:19.785,6.21000000000,0.00041547112,0.00177634500,0.03323995000
D,C8925E7DC6BD,1721307319795,2024-07-18T15:55:19.795,6.22000000000,0.00090375230,0.00177634500,0.03177510600
D,C8925E7DC6BD,1721307319805,2024-07-18T15:55:19.805,6.23000000000,0.00188031460,0.00226462590,0.02835714300
D,C8925E7DC6BD,1721307319815,2024-07-18T15:55:19.815,6.24000000000,-0.00056109140,0.00079977734,0.03128683000
D,C8925E7DC6BD,1721307319825,2024-07-18T15:55:19.825,6.25000000000,0.00090375230,0.00226462590,0.03177510600
D,C8925E7DC6BD,1721307319835,2024-07-18T15:55:19.835,6.26000000000,0.00139203340,-0.00017678419,0.02884542200
D,C8925E7DC6BD,1721307319845,2024-07-18T15:55:19.845,6.27000000000,0.00188031460,-0.00017678419,0.03323995000
D,C8925E7DC6BD,1721307319855,2024-07-18T15:55:19.855,6.28000000000,0.00041547112,0.00275290660,0.03470479300
D,C8925E7DC6BD,1721307319875,2024-07-18T15:55:19.875,6.30000000000,-0.00056109140,-0.00017678419,0.03031026600
D,C8925E7DC6BD,1721307319885,2024-07-18T15:55:19.885,6.31000000000,-0.00007281024,-0.00017678419,0.03226338700
D,C8925E7DC6BD,1721307319895,2024-07-18T15:55:19.895,6.32000000000,-0.00007281024,0.00128806420,0.03128683000
D,C8925E7DC6BD,1721307319905,2024-07-18T15:55:19.905,6.33000000000,-0.00056109140,0.00079977734,0.03470479300
D,C8925E7DC6BD,1721307319915,2024-07-18T15:55:19.915,6.34000000000,-0.00056109140,0.00128806420,0.03128683000
D,C8925E7DC6BD,1721307319925,2024-07-18T15:55:19.925,6.35000000000,0.00188031460,-0.00066506496,0.02982198400
D,C8925E7DC6BD,1721307319935,2024-07-18T15:55:19.935,6.36000000000,0.00090375230,0.00079977734,0.02786886100
D,C8925E7DC6BD,1721307319945,2024-07-18T15:55:19.945,6.37000000000,-0.00007281024,-0.00017678419,0.03031026600
D,C8925E7DC6BD,1721307319955,2024-07-18T15:55:19.955,6.38000000000,0.00041547112,0.00079977734,0.02982198400
D,C8925E7DC6BD,1721307319975,2024-07-18T15:55:19.975,6.40000000000,-0.00153765390,0.00177634500,0.03275167000
D,C8925E7DC6BD,1721307319985,2024-07-18T15:55:19.985,6.41000000000,-0.00056109140,0.00079977734,0.03275167000
D,C8925E7DC6BD,1721307319995,2024-07-18T15:55:19.995,6.42000000000,-0.00251421640,0.00177634500,0.03177510600
D,C8925E7DC6BD,1721307320005,2024-07-18T15:55:20.005,6.43000000000,-0.00104937260,0.00128806420,0.03323995000
D,C8925E7DC6BD,1721307320015,2024-07-18T15:55:20.015,6.44000000000,-0.00056109140,0.00128806420,0.03128683000
D,C8925E7DC6BD,1721307320025,2024-07-18T15:55:20.025,6.45000000000,0.00041547112,0.00372946800,0.03323995000
D,C8925E7DC6BD,1721307320035,2024-07-18T15:55:20.035,6.46000000000,-0.00104937260,0.00177634500,0.03519307400
D,C8925E7DC6BD,1721307320045,2024-07-18T15:55:20.045,6.47000000000,0.00139203340,0.00128806420,0.03323995000
D,C8925E7DC6BD,1721307320055,2024-07-18T15:55:20.055,6.48000000000,0.00090375230,0.00031149658,0.03177510600
D,C8925E7DC6BD,1721307320075,2024-07-18T15:55:20.075,6.50000000000,-0.00007281024,0.00275290660,0.02982198400
D,C8925E7DC6BD,1721307320085,2024-07-18T15:55:20.085,6.51000000000,-0.00153765390,0.00421774900,0.02982198400
D,C8925E7DC6BD,1721307320095,2024-07-18T15:55:20.095,6.52000000000,-0.00153765390,0.00275290660,0.03031026600
D,C8925E7DC6BD,1721307320105,2024-07-18T15:55:20.105,6.53000000000,-0.00202593500,0.00226462590,0.03079854500
D,C8925E7DC6BD,1721307320115,2024-07-18T15:55:20.115,6.54000000000,-0.00153765390,0.00372946800,0.03128683000
D,C8925E7DC6BD,1721307320125,2024-07-18T15:55:20.125,6.55000000000,-0.00007281024,0.00324118740,0.02835714300
D,C8925E7DC6BD,1721307320135,2024-07-18T15:55:20.135,6.56000000000,0.00285687720,0.00128806420,0.03031026600
D,C8925E7DC6BD,1721307320145,2024-07-18T15:55:20.145,6.57000000000,-0.00007281024,0.00177634500,0.03226338700
D,C8925E7DC6BD,1721307320155,2024-07-18T15:55:20.155,6.58000000000,-0.00251421640,0.00128806420,0.03177510600
D,C8925E7DC6BD,1721307320175,2024-07-18T15:55:20.175,6.60000000000,-0.00104937260,0.00372946800,0.03177510600
D,C8925E7DC6BD,1721307320185,2024-07-18T15:55:20.185,6.61000000000,-0.00104937260,0.00226462590,0.03323995000
D,C8925E7DC6BD,1721307320195,2024-07-18T15:55:20.195,6.62000000000,-0.00056109140,0.00128806420,0.03128683000
D,C8925E7DC6BD,1721307320215,2024-07-18T15:55:20.215,6.64000000000,-0.00056109140,0.00079977734,0.03226338700
D,C8925E7DC6BD,1721307320225,2024-07-18T15:55:20.225,6.65000000000,0.00139203340,0.00226462590,0.02835714300
D,C8925E7DC6BD,1721307320235,2024-07-18T15:55:20.235,6.66000000000,0.00041547112,-0.00017678419,0.03226338700
D,C8925E7DC6BD,1721307320245,2024-07-18T15:55:20.245,6.67000000000,-0.00056109140,0.00177634500,0.02786886100
D,C8925E7DC6BD,1721307320255,2024-07-18T15:55:20.255,6.68000000000,-0.00251421640,0.00519431060,0.02933370300
D,C8925E7DC6BD,1721307320275,2024-07-18T15:55:20.275,6.70000000000,0.00090375230,-0.00066506496,0.03031026600
D,C8925E7DC6BD,1721307320285,2024-07-18T15:55:20.285,6.71000000000,0.00188031460,0.00079977734,0.03031026600
D,C8925E7DC6BD,1721307320295,2024-07-18T15:55:20.295,6.72000000000,0.00139203340,0.00226462590,0.03128683000
D,C8925E7DC6BD,1721307320305,2024-07-18T15:55:20.305,6.73000000000,0.00139203340,0.00031149658,0.03323995000
D,C8925E7DC6BD,1721307320315,2024-07-18T15:55:20.315,6.74000000000,-0.00056109140,-0.00017678419,0.03128683000
D,C8925E7DC6BD,1721307320325,2024-07-18T15:55:20.325,6.75000000000,0.00188031460,0.00031149658,0.03226338700
D,C8925E7DC6BD,1721307320335,2024-07-18T15:55:20.335,6.76000000000,0.00041547112,0.00031149658,0.03128683000
D,C8925E7DC6BD,1721307320345,2024-07-18T15:55:20.345,6.77000000000,-0.00007281024,0.00031149658,0.03128683000
D,C8925E7DC6BD,1721307320355,2024-07-18T15:55:20.355,6.78000000000,-0.00007281024,0.00128806420,0.03079854500
D,C8925E7DC6BD,1721307320375,2024-07-18T15:55:20.375,6.80000000000,0.00139203340,0.00324118740,0.03031026600
D,C8925E7DC6BD,1721307320385,2024-07-18T15:55:20.385,6.81000000000,0.00188031460,0.00226462590,0.03079854500
