Device,MAC,Timestamp,Time(03:00),Elapsed(s),W(number),X(number),Y (number),Z (number)
MetaWearE7,FEAC84C53DE7,1708689744714,2024-02-23T14:02:24,58.12,0.7489342,-0.07680454,-0.65789914,0.019165631
MetaWearE7,FEAC84C53DE7,1708689744724,2024-02-23T14:02:24,58.13,0.74898267,-0.07680596,-0.65784395,0.01915997
MetaWearE7,FEAC84C53DE7,1708689744734,2024-02-23T14:02:24,58.14,0.74904156,-0.07680767,-0.6577769,0.019153098
MetaWearE7,FEAC84C53DE7,1708689744744,2024-02-23T14:02:24,58.15,0.74908656,-0.07680898,-0.65772563,0.019147841
MetaWearE7,FEAC84C53DE7,1708689744754,2024-02-23T14:02:24,58.16,0.74908656,-0.07680898,-0.65772563,0.019147841
MetaWearE7,FEAC84C53DE7,1708689744764,2024-02-23T14:02:24,58.17,0.74908656,-0.07680898,-0.65772563,0.019147841
MetaWearE7,FEAC84C53DE7,1708689744774,2024-02-23T14:02:24,58.18,0.74908656,-0.07680898,-0.65772563,0.019147841
MetaWearE7,FEAC84C53DE7,1708689744794,2024-02-23T14:02:24,58.2,0.7489792,-0.07680585,-0.6578479,0.019160373
MetaWearE7,FEAC84C53DE7,1708689744804,2024-02-23T14:02:24,58.21,0.7488841,-0.07680308,-0.65795624,0.019171482
MetaWearE7,FEAC84C53DE7,1708689744814,2024-02-23T14:02:24,58.22,0.74879056,-0.076800354,-0.65806264,0.019182397
MetaWearE7,FEAC84C53DE7,1708689744824,2024-02-23T14:02:24,58.23,0.74870396,-0.07679783,-0.65816116,0.019192502
MetaWearE7,FEAC84C53DE7,1708689744834,2024-02-23T14:02:24,58.24,0.7486277,-0.07679561,-0.6582478,0.019201394
MetaWearE7,FEAC84C53DE7,1708689744844,2024-02-23T14:02:24,58.25,0.748555,-0.07679349,-0.6583306,0.019209884
MetaWearE7,FEAC84C53DE7,1708689744854,2024-02-23T14:02:24,58.26,0.74847084,-0.07679103,-0.6584263,0.0192197
MetaWearE7,FEAC84C53DE7,1708689744874,2024-02-23T14:02:24,58.28,0.74825287,-0.07678467,-0.658674,0.019245118
MetaWearE7,FEAC84C53DE7,1708689744884,2024-02-23T14:02:24,58.29,0.7481246,-0.07678092,-0.65881974,0.019260071
MetaWearE7,FEAC84C53DE7,1708689744894,2024-02-23T14:02:24,58.3,0.74797195,-0.07677645,-0.65899295,0.019277852
MetaWearE7,FEAC84C53DE7,1708689744904,2024-02-23T14:02:24,58.31,0.74781936,-0.07677199,-0.65916616,0.019295633
MetaWearE7,FEAC84C53DE7,1708689744924,2024-02-23T14:02:24,58.33,0.74756503,-0.07676455,-0.65945464,0.019325249
MetaWearE7,FEAC84C53DE7,1708689744934,2024-02-23T14:02:24,58.34,0.74742097,-0.07676032,-0.65961784,0.01934201
MetaWearE7,FEAC84C53DE7,1708689744974,2024-02-23T14:02:24,58.38,0.74671173,-0.076739505,-0.6604207,0.01942449
MetaWearE7,FEAC84C53DE7,1708689745204,2024-02-23T14:02:25,58.61,0.743286,-0.07686368,-0.6642401,0.0200747
MetaWearE7,FEAC84C53DE7,1708689745234,2024-02-23T14:02:25,58.64,0.7432406,-0.076862305,-0.66429096,0.020079957
MetaWearE7,FEAC84C53DE7,1708689745274,2024-02-23T14:02:25,58.68,0.74314713,-0.07685948,-0.66439545,0.020090766
MetaWearE7,FEAC84C53DE7,1708689745284,2024-02-23T14:02:25,58.69,0.7430947,-0.076857895,-0.6644541,0.020096835
MetaWearE7,FEAC84C53DE7,1708689745294,2024-02-23T14:02:25,58.7,0.7430947,-0.076857895,-0.6644541,0.020096835
MetaWearE7,FEAC84C53DE7,1708689745314,2024-02-23T14:02:25,58.72,0.7429565,-0.076853715,-0.66460866,0.02011282
MetaWearE7,FEAC84C53DE7,1708689745324,2024-02-23T14:02:25,58.73,0.7428341,-0.07685001,-0.6647455,0.020126978
MetaWearE7,FEAC84C53DE7,1708689745334,2024-02-23T14:02:25,58.74,0.7427011,-0.07684599,-0.6648941,0.020142348
MetaWearE7,FEAC84C53DE7,1708689745344,2024-02-23T14:02:25,58.75,0.7425786,-0.07684228,-0.6650309,0.020156505
MetaWearE7,FEAC84C53DE7,1708689745374,2024-02-23T14:02:25,58.78,0.74216795,-0.07682983,-0.6654891,0.020203931
MetaWearE7,FEAC84C53DE7,1708689745384,2024-02-23T14:02:25,58.79,0.7419881,-0.07686296,-0.6656838,0.020267552
MetaWearE7,FEAC84C53DE7,1708689745394,2024-02-23T14:02:25,58.8,0.741794,-0.076902665,-0.6658933,0.0203406
MetaWearE7,FEAC84C53DE7,1708689745404,2024-02-23T14:02:25,58.81,0.7415962,-0.07694576,-0.6661063,0.020417955
MetaWearE7,FEAC84C53DE7,1708689745414,2024-02-23T14:02:25,58.82,0.7413875,-0.07699904,-0.6663296,0.020508233
MetaWearE7,FEAC84C53DE7,1708689745444,2024-02-23T14:02:25,58.85,0.7407366,-0.077170976,-0.66702443,0.02079613
MetaWearE7,FEAC84C53DE7,1708689745454,2024-02-23T14:02:25,58.86,0.7405596,-0.07721116,-0.66721404,0.020867148
MetaWearE7,FEAC84C53DE7,1708689745464,2024-02-23T14:02:25,58.87,0.74039334,-0.07724465,-0.6673928,0.020929154
MetaWearE7,FEAC84C53DE7,1708689745474,2024-02-23T14:02:25,58.88,0.7401778,-0.07731077,-0.667623,0.020957302
MetaWearE7,FEAC84C53DE7,1708689745484,2024-02-23T14:02:25,58.89,0.73982483,-0.07744041,-0.6679998,0.020940896
MetaWearE7,FEAC84C53DE7,1708689745504,2024-02-23T14:02:25,58.91,0.73867226,-0.07792045,-0.66922027,0.020880127
MetaWearE7,FEAC84C53DE7,1708689745524,2024-02-23T14:02:25,58.93,0.73686135,-0.079133764,-0.6710841,0.02047496
MetaWearE7,FEAC84C53DE7,1708689745534,2024-02-23T14:02:25,58.94,0.7358575,-0.07984705,-0.67211014,0.020153072
MetaWearE7,FEAC84C53DE7,1708689745544,2024-02-23T14:02:25,58.95,0.73485607,-0.08058949,-0.67312646,0.019815374
MetaWearE7,FEAC84C53DE7,1708689745554,2024-02-23T14:02:25,58.96,0.7337886,-0.080986395,-0.67423666,0.020010406
MetaWearE7,FEAC84C53DE7,1708689745584,2024-02-23T14:02:25,58.99,0.7283023,-0.07887215,-0.6803118,0.02303743
MetaWearE7,FEAC84C53DE7,1708689745894,2024-02-23T14:02:25,59.3,0.72876567,-0.049299017,-0.6823151,-0.030269766
MetaWearE7,FEAC84C53DE7,1708689745944,2024-02-23T14:02:25,59.35,0.7255887,-0.04778825,-0.6850649,-0.043857336
MetaWearE7,FEAC84C53DE7,1708689745954,2024-02-23T14:02:25,59.36,0.7250485,-0.046666153,-0.68548644,-0.047278617
MetaWearE7,FEAC84C53DE7,1708689745964,2024-02-23T14:02:25,59.37,0.72441876,-0.044908725,-0.68600523,-0.050965544
MetaWearE7,FEAC84C53DE7,1708689745974,2024-02-23T14:02:25,59.38,0.7237534,-0.0424238,-0.6865591,-0.054935176
MetaWearE7,FEAC84C53DE7,1708689745984,2024-02-23T14:02:25,59.39,0.7230302,-0.039201863,-0.68713427,-0.059473407
MetaWearE7,FEAC84C53DE7,1708689746004,2024-02-23T14:02:26,59.41,0.7220504,-0.032016966,-0.68761265,-0.069332145
MetaWearE7,FEAC84C53DE7,1708689746014,2024-02-23T14:02:26,59.42,0.7218261,-0.028465666,-0.6874551,-0.074581206
MetaWearE7,FEAC84C53DE7,1708689746024,2024-02-23T14:02:26,59.43,0.72178644,-0.025135346,-0.68704844,-0.07973058
MetaWearE7,FEAC84C53DE7,1708689746034,2024-02-23T14:02:26,59.44,0.7218212,-0.021835614,-0.6865092,-0.0848672
MetaWearE7,FEAC84C53DE7,1708689746044,2024-02-23T14:02:26,59.45,0.721858,-0.01854746,-0.68593603,-0.089826524
MetaWearE7,FEAC84C53DE7,1708689746194,2024-02-23T14:02:26,59.6,0.7170221,0.029664157,-0.68045324,-0.14826597
MetaWearE7,FEAC84C53DE7,1708689746204,2024-02-23T14:02:26,59.61,0.7173339,0.030935751,-0.6798925,-0.14906783
MetaWearE7,FEAC84C53DE7,1708689746304,2024-02-23T14:02:26,59.71,0.7164362,0.039673902,-0.68005645,-0.15056038
MetaWearE7,FEAC84C53DE7,1708689746324,2024-02-23T14:02:26,59.73,0.7165133,0.03754633,-0.68074656,-0.1475909
MetaWearE7,FEAC84C53DE7,1708689746334,2024-02-23T14:02:26,59.74,0.716281,0.03599663,-0.6815102,-0.14556593
MetaWearE7,FEAC84C53DE7,1708689746344,2024-02-23T14:02:26,59.75,0.7159332,0.034156222,-0.68243724,-0.14336137
MetaWearE7,FEAC84C53DE7,1708689746354,2024-02-23T14:02:26,59.76,0.71555775,0.032061666,-0.6833894,-0.14116682
MetaWearE7,FEAC84C53DE7,1708689746384,2024-02-23T14:02:26,59.79,0.7145708,0.025094744,-0.6857403,-0.136085
MetaWearE7,FEAC84C53DE7,1708689746424,2024-02-23T14:02:26,59.83,0.71488756,0.015163,-0.686309,-0.13298795
MetaWearE7,FEAC84C53DE7,1708689746434,2024-02-23T14:02:26,59.84,0.715185,0.012886809,-0.68618655,-0.1322586
MetaWearE7,FEAC84C53DE7,1708689746444,2024-02-23T14:02:26,59.85,0.71547306,0.010805842,-0.6860942,-0.13136281
MetaWearE7,FEAC84C53DE7,1708689746454,2024-02-23T14:02:26,59.86,0.71576434,0.0088587925,-0.68603307,-0.13023667
MetaWearE7,FEAC84C53DE7,1708689746464,2024-02-23T14:02:26,59.87,0.7160715,0.0069842204,-0.686004,-0.12880707
MetaWearE7,FEAC84C53DE7,1708689746304,2024-02-23T14:02:26,59.71,0.7164362,0.039673902,-0.68005645,-0.15056038
MetaWearE7,FEAC84C53DE7,1708689746324,2024-02-23T14:02:26,59.73,0.7165133,0.03754633,-0.68074656,-0.1475909
MetaWearE7,FEAC84C53DE7,1708689746334,2024-02-23T14:02:26,59.74,0.716281,0.03599663,-0.6815102,-0.14556593
MetaWearE7,FEAC84C53DE7,1708689746344,2024-02-23T14:02:26,59.75,0.7159332,0.034156222,-0.68243724,-0.14336137
MetaWearE7,FEAC84C53DE7,1708689746354,2024-02-23T14:02:26,59.76,0.71555775,0.032061666,-0.6833894,-0.14116682
MetaWearE7,FEAC84C53DE7,1708689746384,2024-02-23T14:02:26,59.79,0.7145708,0.025094744,-0.6857403,-0.136085
MetaWearE7,FEAC84C53DE7,1708689746424,2024-02-23T14:02:26,59.83,0.71488756,0.015163,-0.686309,-0.13298795
MetaWearE7,FEAC84C53DE7,1708689746434,2024-02-23T14:02:26,59.84,0.715185,0.012886809,-0.68618655,-0.1322586
MetaWearE7,FEAC84C53DE7,1708689746444,2024-02-23T14:02:26,59.85,0.71547306,0.010805842,-0.6860942,-0.13136281
MetaWearE7,FEAC84C53DE7,1708689746454,2024-02-23T14:02:26,59.86,0.71576434,0.0088587925,-0.68603307,-0.13023667
MetaWearE7,FEAC84C53DE7,1708689746464,2024-02-23T14:02:26,59.87,0.7160715,0.0069842204,-0.686004,-0.12880707
MetaWearE7,FEAC84C53DE7,1708689747804,2024-02-23T14:02:27,61.21,0.7448115,-0.08134219,-0.66215986,0.01355038
MetaWearE7,FEAC84C53DE7,1708689747814,2024-02-23T14:02:27,61.22,0.744923,-0.08134447,-0.6620344,0.013536679
MetaWearE7,FEAC84C53DE7,1708689747824,2024-02-23T14:02:27,61.23,0.7450519,-0.08134711,-0.6618893,0.013520836
MetaWearE7,FEAC84C53DE7,1708689747834,2024-02-23T14:02:27,61.24,0.7451894,-0.08134992,-0.6617345,0.013503937
MetaWearE7,FEAC84C53DE7,1708689747854,2024-02-23T14:02:27,61.26,0.7454082,-0.08135438,-0.6614881,0.013477038
MetaWearE7,FEAC84C53DE7,1708689747864,2024-02-23T14:02:27,61.27,0.7454952,-0.08135615,-0.66139,0.013466331
MetaWearE7,FEAC84C53DE7,1708689747874,2024-02-23T14:02:27,61.28,0.7455718,-0.08135771,-0.6613037,0.013456909
MetaWearE7,FEAC84C53DE7,1708689747884,2024-02-23T14:02:27,61.29,0.74563795,-0.08135906,-0.66122913,0.013448772
MetaWearE7,FEAC84C53DE7,1708689747894,2024-02-23T14:02:27,61.3,0.7456832,-0.08135998,-0.6611781,0.013443204
MetaWearE7,FEAC84C53DE7,1708689747904,2024-02-23T14:02:27,61.31,0.7456832,-0.08135998,-0.6611781,0.013443204
MetaWearE7,FEAC84C53DE7,1708689747914,2024-02-23T14:02:27,61.32,0.7456832,-0.08135998,-0.6611781,0.013443204
MetaWearE7,FEAC84C53DE7,1708689747934,2024-02-23T14:02:27,61.34,0.7456747,-0.081437714,-0.66117954,0.013374277
MetaWearE7,FEAC84C53DE7,1708689747944,2024-02-23T14:02:27,61.35,0.7456747,-0.081437714,-0.66117954,0.013374277
MetaWearE7,FEAC84C53DE7,1708689747954,2024-02-23T14:02:27,61.36,0.7456399,-0.081437014,-0.66121876,0.013378563
MetaWearE7,FEAC84C53DE7,1708689747964,2024-02-23T14:02:27,61.37,0.745575,-0.0814357,-0.66129196,0.013386556
MetaWearE7,FEAC84C53DE7,1708689747974,2024-02-23T14:02:27,61.38,0.7454671,-0.08143352,-0.6614136,0.013399843
MetaWearE7,FEAC84C53DE7,1708690123342,2024-02-23T14:08:43,0,0.75699586,-0.092223704,-0.6468787,0
MetaWearE7,FEAC84C53DE7,1708690123352,2024-02-23T14:08:43,0.01,0.75699586,-0.092223704,-0.6468787,2.36E-11
MetaWearE7,FEAC84C53DE7,1708690123362,2024-02-23T14:08:43,0.02,0.7570022,-0.09217196,-0.6468787,4.43E-05
MetaWearE7,FEAC84C53DE7,1708690123372,2024-02-23T14:08:43,0.03,0.75700223,-0.0921722,-0.64687866,4.45E-05
MetaWearE7,FEAC84C53DE7,1708690123382,2024-02-23T14:08:43,0.04,0.75700706,-0.09213262,-0.6468786,7.88E-05
MetaWearE7,FEAC84C53DE7,1708690123392,2024-02-23T14:08:43,0.05,0.75701165,-0.092093535,-0.64687884,1.12E-04
MetaWearE7,FEAC84C53DE7,1708690123402,2024-02-23T14:08:43,0.06,0.75701696,-0.0920497,-0.64687884,1.50E-04
MetaWearE7,FEAC84C53DE7,1708690123412,2024-02-23T14:08:43,0.07,0.75702256,-0.09200955,-0.646878,1.84E-04
MetaWearE7,FEAC84C53DE7,1708690123422,2024-02-23T14:08:43,0.08,0.75702757,-0.09196931,-0.6468778,2.17E-04
MetaWearE7,FEAC84C53DE7,1708690123432,2024-02-23T14:08:43,0.09,0.7570275,-0.09196918,-0.6468779,2.17E-04
MetaWearE7,FEAC84C53DE7,1708690123442,2024-02-23T14:08:43,0.1,0.7570275,-0.09196907,-0.64687794,2.17E-04
MetaWearE7,FEAC84C53DE7,1708690123452,2024-02-23T14:08:43,0.11,0.7570323,-0.091929205,-0.646878,2.51E-04
MetaWearE7,FEAC84C53DE7,1708690123462,2024-02-23T14:08:43,0.12,0.7570374,-0.091919124,-0.6468734,3.29E-04
MetaWearE7,FEAC84C53DE7,1708690123472,2024-02-23T14:08:43,0.13,0.75704175,-0.091919586,-0.6468682,4.09E-04
MetaWearE7,FEAC84C53DE7,1708690123482,2024-02-23T14:08:43,0.14,0.75704706,-0.09191971,-0.646862,4.98E-04
MetaWearE7,FEAC84C53DE7,1708690123492,2024-02-23T14:08:43,0.15,0.75704706,-0.09196569,-0.64685535,5.52E-04
MetaWearE7,FEAC84C53DE7,1708690123502,2024-02-23T14:08:43,0.16,0.75704753,-0.0920122,-0.6468481,6.07E-04
MetaWearE7,FEAC84C53DE7,1708690123512,2024-02-23T14:08:43,0.17,0.7570523,-0.09202314,-0.6468408,7.00E-04
MetaWearE7,FEAC84C53DE7,1708690123522,2024-02-23T14:08:43,0.18,0.75705695,-0.092037536,-0.6468331,7.98E-04
MetaWearE7,FEAC84C53DE7,1708690123532,2024-02-23T14:08:43,0.19,0.7570567,-0.09209498,-0.6468252,8.65E-04
MetaWearE7,FEAC84C53DE7,1708690123542,2024-02-23T14:08:43,0.2,0.7570563,-0.09214559,-0.6468184,9.25E-04
MetaWearE7,FEAC84C53DE7,1708690123552,2024-02-23T14:08:43,0.21,0.7570563,-0.09219559,-0.6468112,9.83E-04
MetaWearE7,FEAC84C53DE7,1708690123562,2024-02-23T14:08:43,0.22,0.7570563,-0.09225,-0.6468034,0.0010469591
MetaWearE7,FEAC84C53DE7,1708690123572,2024-02-23T14:08:43,0.23,0.7570611,-0.09226448,-0.6467955,0.0011446509
MetaWearE7,FEAC84C53DE7,1708690123582,2024-02-23T14:08:43,0.24,0.757061,-0.092318855,-0.64678776,0.0012083247
MetaWearE7,FEAC84C53DE7,1708690123602,2024-02-23T14:08:43,0.26,0.7570606,-0.09241296,-0.6467746,0.001318549
MetaWearE7,FEAC84C53DE7,1708690123612,2024-02-23T14:08:43,0.27,0.75706035,-0.09245717,-0.64676845,0.0013702875
MetaWearE7,FEAC84C53DE7,1708690123622,2024-02-23T14:08:43,0.28,0.75706017,-0.092501305,-0.6467622,0.0014219806
MetaWearE7,FEAC84C53DE7,1708690123632,2024-02-23T14:08:43,0.29,0.7570602,-0.09254531,-0.64675575,0.0014735863
MetaWearE7,FEAC84C53DE7,1708690123642,2024-02-23T14:08:43,0.3,0.75706017,-0.09258266,-0.6467504,0.0015173409
MetaWearE7,FEAC84C53DE7,1708690123652,2024-02-23T14:08:43,0.31,0.75706005,-0.09261929,-0.6467452,0.0015602506
MetaWearE7,FEAC84C53DE7,1708690123662,2024-02-23T14:08:43,0.32,0.7570597,-0.09265284,-0.64674073,0.0015996303
MetaWearE7,FEAC84C53DE7,1708690123672,2024-02-23T14:08:43,0.33,0.75705963,-0.0926526,-0.64674085,0.0015994008
MetaWearE7,FEAC84C53DE7,1708690123682,2024-02-23T14:08:43,0.34,0.7570594,-0.09265208,-0.6467412,0.0015989159
MetaWearE7,FEAC84C53DE7,1708690123692,2024-02-23T14:08:43,0.35,0.7570593,-0.09265177,-0.64674145,0.0015986185
MetaWearE7,FEAC84C53DE7,1708690123702,2024-02-23T14:08:43,0.36,0.7570591,-0.0926516,-0.6467417,0.0015984402
MetaWearE7,FEAC84C53DE7,1708690123712,2024-02-23T14:08:43,0.37,0.757059,-0.09265136,-0.6467418,0.0015982194
MetaWearE7,FEAC84C53DE7,1708690123722,2024-02-23T14:08:43,0.38,0.757059,-0.09265103,-0.6467419,0.0015979253
MetaWearE7,FEAC84C53DE7,1708690123732,2024-02-23T14:08:43,0.39,0.75705904,-0.092650816,-0.6467418,0.0015977547
MetaWearE7,FEAC84C53DE7,1708690123742,2024-02-23T14:08:43,0.4,0.75705934,-0.09265046,-0.64674157,0.0015974799
MetaWearE7,FEAC84C53DE7,1708690123752,2024-02-23T14:08:43,0.41,0.7570593,-0.09265002,-0.6467417,0.001597087
MetaWearE7,FEAC84C53DE7,1708690123762,2024-02-23T14:08:43,0.42,0.7570592,-0.09264931,-0.6467418,0.0015964659
MetaWearE7,FEAC84C53DE7,1708690123772,2024-02-23T14:08:43,0.43,0.7570594,-0.092648394,-0.6467417,0.0015956939
MetaWearE7,FEAC84C53DE7,1708690123782,2024-02-23T14:08:43,0.44,0.7570594,-0.092648,-0.64674175,0.0015953477
MetaWearE7,FEAC84C53DE7,1708690123792,2024-02-23T14:08:43,0.45,0.7570592,-0.09264769,-0.64674205,0.0015950466
MetaWearE7,FEAC84C53DE7,1708690123802,2024-02-23T14:08:43,0.46,0.7570638,-0.09260744,-0.64674234,0.0016287006
MetaWearE7,FEAC84C53DE7,1708690123812,2024-02-23T14:08:43,0.47,0.7570688,-0.09256375,-0.6467425,0.001664842
MetaWearE7,FEAC84C53DE7,1708690123822,2024-02-23T14:08:43,0.48,0.75707394,-0.09251932,-0.64674294,0.0017017156
MetaWearE7,FEAC84C53DE7,1708690123832,2024-02-23T14:08:43,0.49,0.75707334,-0.0925526,-0.6467387,0.0017408327
MetaWearE7,FEAC84C53DE7,1708690123842,2024-02-23T14:08:43,0.5,0.7570785,-0.092542015,-0.64673394,0.0018174198
MetaWearE7,FEAC84C53DE7,1708690123852,2024-02-23T14:08:43,0.51,0.7570839,-0.092537604,-0.64672804,0.0019014556
MetaWearE7,FEAC84C53DE7,1708690123862,2024-02-23T14:08:43,0.52,0.7570839,-0.09253621,-0.6467282,0.0019002447
MetaWearE7,FEAC84C53DE7,1708690123872,2024-02-23T14:08:43,0.53,0.7570837,-0.09253416,-0.6467287,0.0018984379
MetaWearE7,FEAC84C53DE7,1708690123882,2024-02-23T14:08:43,0.54,0.7570833,-0.092532076,-0.6467294,0.0018965673
MetaWearE7,FEAC84C53DE7,1708690123892,2024-02-23T14:08:43,0.55,0.75708336,-0.09253092,-0.64672965,0.0018955535
MetaWearE7,FEAC84C53DE7,1708690123902,2024-02-23T14:08:43,0.56,0.75708324,-0.092529394,-0.64673,0.0018942086
MetaWearE7,FEAC84C53DE7,1708690123912,2024-02-23T14:08:43,0.57,0.7570828,-0.092527784,-0.6467307,0.0018927479
MetaWearE7,FEAC84C53DE7,1708690124012,2024-02-23T14:08:44,0.67,0.7570816,-0.092516445,-0.6467338,0.0018826664
MetaWearE7,FEAC84C53DE7,1708690124022,2024-02-23T14:08:44,0.68,0.7570814,-0.092515334,-0.64673424,0.0018816676
MetaWearE7,FEAC84C53DE7,1708690124032,2024-02-23T14:08:44,0.69,0.7570811,-0.09251436,-0.6467347,0.0018807756
MetaWearE7,FEAC84C53DE7,1708690124042,2024-02-23T14:08:44,0.7,0.7570808,-0.09251357,-0.64673525,0.0018800374
MetaWearE7,FEAC84C53DE7,1708690124052,2024-02-23T14:08:44,0.71,0.75708073,-0.09251297,-0.64673537,0.0018795135
MetaWearE7,FEAC84C53DE7,1708690124062,2024-02-23T14:08:44,0.72,0.7570806,-0.09251242,-0.6467356,0.0018790186
MetaWearE7,FEAC84C53DE7,1708690124072,2024-02-23T14:08:44,0.73,0.7570804,-0.09251144,-0.646736,0.0018781299
MetaWearE7,FEAC84C53DE7,1708690124082,2024-02-23T14:08:44,0.74,0.7570803,-0.09251069,-0.64673626,0.0018774659
MetaWearE7,FEAC84C53DE7,1708690124092,2024-02-23T14:08:44,0.75,0.75708,-0.09250949,-0.64673674,0.0018763817
MetaWearE7,FEAC84C53DE7,1708690124102,2024-02-23T14:08:44,0.76,0.75707936,-0.09250723,-0.6467378,0.0018743118
MetaWearE7,FEAC84C53DE7,1708690124112,2024-02-23T14:08:44,0.77,0.7570787,-0.09250575,-0.6467388,0.001872931
MetaWearE7,FEAC84C53DE7,1708690124122,2024-02-23T14:08:44,0.78,0.75707704,-0.09250365,-0.64674103,0.0018708609
MetaWearE7,FEAC84C53DE7,1708690124132,2024-02-23T14:08:44,0.79,0.75707644,-0.092501655,-0.646742,0.0018690398
MetaWearE7,FEAC84C53DE7,1708690124142,2024-02-23T14:08:44,0.8,0.7570765,-0.09250034,-0.6467421,0.0018678982
MetaWearE7,FEAC84C53DE7,1708690124152,2024-02-23T14:08:44,0.81,0.75707656,-0.09249955,-0.64674217,0.0018672169
MetaWearE7,FEAC84C53DE7,1708690124162,2024-02-23T14:08:44,0.82,0.7570763,-0.09249881,-0.6467426,0.0018665366
MetaWearE7,FEAC84C53DE7,1708690124172,2024-02-23T14:08:44,0.83,0.7570762,-0.09249833,-0.64674276,0.0018661087
MetaWearE7,FEAC84C53DE7,1708690124182,2024-02-23T14:08:44,0.84,0.7570758,-0.09249787,-0.6467433,0.0018656526
MetaWearE7,FEAC84C53DE7,1708690124192,2024-02-23T14:08:44,0.85,0.7570758,-0.09249779,-0.6467433,0.0018655809
MetaWearE7,FEAC84C53DE7,1708690124202,2024-02-23T14:08:44,0.86,0.75707597,-0.09249746,-0.6467431,0.0018653197
MetaWearE7,FEAC84C53DE7,1708690124212,2024-02-23T14:08:44,0.87,0.75707597,-0.092497356,-0.6467431,0.0018652308
MetaWearE7,FEAC84C53DE7,1708690124222,2024-02-23T14:08:44,0.88,0.7570759,-0.09249661,-0.6467433,0.0018645752
MetaWearE7,FEAC84C53DE7,1708690125462,2024-02-23T14:08:45,2.12,0.7596481,-0.09707025,-0.64304906,9.27E-05
MetaWearE7,FEAC84C53DE7,1708690125472,2024-02-23T14:08:45,2.13,0.7596481,-0.09707025,-0.64304906,9.27E-05
MetaWearE7,FEAC84C53DE7,1708690125482,2024-02-23T14:08:45,2.14,0.7596481,-0.09707025,-0.64304906,9.27E-05
MetaWearE7,FEAC84C53DE7,1708690125502,2024-02-23T14:08:45,2.16,0.7596481,-0.09707025,-0.64304906,9.27E-05
MetaWearE7,FEAC84C53DE7,1708690125512,2024-02-23T14:08:45,2.17,0.7596481,-0.09707025,-0.64304906,9.27E-05
MetaWearE7,FEAC84C53DE7,1708690125522,2024-02-23T14:08:45,2.18,0.7596481,-0.09707025,-0.64304906,9.27E-05
MetaWearE7,FEAC84C53DE7,1708690125532,2024-02-23T14:08:45,2.19,0.7596481,-0.09707025,-0.64304906,9.27E-05
MetaWearE7,FEAC84C53DE7,1708690125552,2024-02-23T14:08:45,2.21,0.7596481,-0.09707025,-0.64304906,9.27E-05
MetaWearE7,FEAC84C53DE7,1708690125582,2024-02-23T14:08:45,2.24,0.7596481,-0.09707025,-0.64304906,9.27E-05
MetaWearE7,FEAC84C53DE7,1708690125592,2024-02-23T14:08:45,2.25,0.7596481,-0.09707025,-0.64304906,9.27E-05
MetaWearE7,FEAC84C53DE7,1708690125602,2024-02-23T14:08:45,2.26,0.7596481,-0.09707025,-0.64304906,9.27E-05
MetaWearE7,FEAC84C53DE7,1708690125612,2024-02-23T14:08:45,2.27,0.7596481,-0.09707025,-0.64304906,9.27E-05
MetaWearE7,FEAC84C53DE7,1708690125622,2024-02-23T14:08:45,2.28,0.7596481,-0.09707025,-0.64304906,9.27E-05
MetaWearE7,FEAC84C53DE7,1708690125922,2024-02-23T14:08:45,2.58,0.75995857,-0.0977177,-0.6425837,5.42E-04
MetaWearE7,FEAC84C53DE7,1708690125932,2024-02-23T14:08:45,2.59,0.75995857,-0.0977177,-0.6425837,5.42E-04
MetaWearE7,FEAC84C53DE7,1708690125942,2024-02-23T14:08:45,2.6,0.75995857,-0.0977177,-0.6425837,5.42E-04
MetaWearE7,FEAC84C53DE7,1708690125952,2024-02-23T14:08:45,2.61,0.75995857,-0.0977177,-0.6425837,5.42E-04
MetaWearE7,FEAC84C53DE7,1708690125962,2024-02-23T14:08:45,2.62,0.75995857,-0.0977177,-0.6425837,5.42E-04
MetaWearE7,FEAC84C53DE7,1708690125982,2024-02-23T14:08:45,2.64,0.75995857,-0.0977177,-0.6425837,5.42E-04
MetaWearE7,FEAC84C53DE7,1708690125992,2024-02-23T14:08:45,2.65,0.75995857,-0.0977177,-0.6425837,5.42E-04
MetaWearE7,FEAC84C53DE7,1708690126002,2024-02-23T14:08:46,2.66,0.75995857,-0.0977177,-0.6425837,5.42E-04
MetaWearE7,FEAC84C53DE7,1708690126012,2024-02-23T14:08:46,2.67,0.75999916,-0.09771774,-0.64253575,5.36E-04
MetaWearE7,FEAC84C53DE7,1708690126022,2024-02-23T14:08:46,2.68,0.76004654,-0.09771778,-0.6424797,5.29E-04
MetaWearE7,FEAC84C53DE7,1708690126032,2024-02-23T14:08:46,2.69,0.76004654,-0.09771778,-0.6424797,5.29E-04
MetaWearE7,FEAC84C53DE7,1708690126042,2024-02-23T14:08:46,2.7,0.76004654,-0.09771778,-0.6424797,5.29E-04
MetaWearE7,FEAC84C53DE7,1708690126062,2024-02-23T14:08:46,2.72,0.76004654,-0.09771778,-0.6424797,5.29E-04
MetaWearE7,FEAC84C53DE7,1708690126072,2024-02-23T14:08:46,2.73,0.76004654,-0.09771778,-0.6424797,5.29E-04
MetaWearE7,FEAC84C53DE7,1708690126082,2024-02-23T14:08:46,2.74,0.76004654,-0.09771778,-0.6424797,5.29E-04
MetaWearE7,FEAC84C53DE7,1708690126092,2024-02-23T14:08:46,2.75,0.76004654,-0.09771778,-0.6424797,5.29E-04
MetaWearE7,FEAC84C53DE7,1708690126102,2024-02-23T14:08:46,2.76,0.76004654,-0.09771778,-0.6424797,5.29E-04
MetaWearE7,FEAC84C53DE7,1708690126112,2024-02-23T14:08:46,2.77,0.76004654,-0.09771778,-0.6424797,5.29E-04
MetaWearE7,FEAC84C53DE7,1708690126122,2024-02-23T14:08:46,2.78,0.76004654,-0.09771778,-0.6424797,5.29E-04
MetaWearE7,FEAC84C53DE7,1708690126142,2024-02-23T14:08:46,2.8,0.76012796,-0.09767856,-0.64238936,5.50E-04
MetaWearE7,FEAC84C53DE7,1708690126152,2024-02-23T14:08:46,2.81,0.76013464,-0.09762653,-0.6423893,5.94E-04
MetaWearE7,FEAC84C53DE7,1708690126162,2024-02-23T14:08:46,2.82,0.7601408,-0.0975785,-0.64238924,6.35E-04
MetaWearE7,FEAC84C53DE7,1708690126172,2024-02-23T14:08:46,2.83,0.7601036,-0.097578466,-0.6424332,6.40E-04
MetaWearE7,FEAC84C53DE7,1708690126182,2024-02-23T14:08:46,2.84,0.7600496,-0.09757843,-0.6424973,6.49E-04
MetaWearE7,FEAC84C53DE7,1708690126192,2024-02-23T14:08:46,2.85,0.7599998,-0.09757838,-0.6425562,6.56E-04
MetaWearE7,FEAC84C53DE7,1708690126202,2024-02-23T14:08:46,2.86,0.7599621,-0.097578324,-0.64260066,6.62E-04
MetaWearE7,FEAC84C53DE7,1708690126222,2024-02-23T14:08:46,2.88,0.7599621,-0.097578324,-0.64260066,6.62E-04
MetaWearE7,FEAC84C53DE7,1708690126232,2024-02-23T14:08:46,2.89,0.7599682,-0.097530305,-0.6426006,7.02E-04
MetaWearE7,FEAC84C53DE7,1708690125462,2024-02-23T14:08:45,2.12,0.7596481,-0.09707025,-0.64304906,9.27E-05
MetaWearE7,FEAC84C53DE7,1708690125472,2024-02-23T14:08:45,2.13,0.7596481,-0.09707025,-0.64304906,9.27E-05
MetaWearE7,FEAC84C53DE7,1708690125482,2024-02-23T14:08:45,2.14,0.7596481,-0.09707025,-0.64304906,9.27E-05
MetaWearE7,FEAC84C53DE7,1708690125502,2024-02-23T14:08:45,2.16,0.7596481,-0.09707025,-0.64304906,9.27E-05
MetaWearE7,FEAC84C53DE7,1708690125512,2024-02-23T14:08:45,2.17,0.7596481,-0.09707025,-0.64304906,9.27E-05
MetaWearE7,FEAC84C53DE7,1708690125522,2024-02-23T14:08:45,2.18,0.7596481,-0.09707025,-0.64304906,9.27E-05
MetaWearE7,FEAC84C53DE7,1708690125532,2024-02-23T14:08:45,2.19,0.7596481,-0.09707025,-0.64304906,9.27E-05
MetaWearE7,FEAC84C53DE7,1708690125552,2024-02-23T14:08:45,2.21,0.7596481,-0.09707025,-0.64304906,9.27E-05
MetaWearE7,FEAC84C53DE7,1708690125582,2024-02-23T14:08:45,2.24,0.7596481,-0.09707025,-0.64304906,9.27E-05
MetaWearE7,FEAC84C53DE7,1708690125592,2024-02-23T14:08:45,2.25,0.7596481,-0.09707025,-0.64304906,9.27E-05
MetaWearE7,FEAC84C53DE7,1708690125602,2024-02-23T14:08:45,2.26,0.7596481,-0.09707025,-0.64304906,9.27E-05
MetaWearE7,FEAC84C53DE7,1708690125612,2024-02-23T14:08:45,2.27,0.7596481,-0.09707025,-0.64304906,9.27E-05
MetaWearE7,FEAC84C53DE7,1708690125622,2024-02-23T14:08:45,2.28,0.7596481,-0.09707025,-0.64304906,9.27E-05
MetaWearE7,FEAC84C53DE7,1708690126412,2024-02-23T14:08:46,3.07,0.7591653,-0.09742915,-0.6435642,9.10E-04
MetaWearE7,FEAC84C53DE7,1708690126422,2024-02-23T14:08:46,3.08,0.75916594,-0.09747996,-0.6435558,7.67E-04
MetaWearE7,FEAC84C53DE7,1708690126432,2024-02-23T14:08:46,3.09,0.75922304,-0.09762744,-0.6434661,8.18E-04
MetaWearE7,FEAC84C53DE7,1708690126442,2024-02-23T14:08:46,3.1,0.75927854,-0.098067395,-0.643333,0.0011975958
MetaWearE7,FEAC84C53DE7,1708690126462,2024-02-23T14:08:46,3.12,0.7588927,-0.10035184,-0.6434279,0.0034571849
MetaWearE7,FEAC84C53DE7,1708690126482,2024-02-23T14:08:46,3.14,0.7594999,-0.10460076,-0.6420006,0.0073328796
MetaWearE7,FEAC84C53DE7,1708690126492,2024-02-23T14:08:46,3.15,0.76038116,-0.10773785,-0.6403955,0.010324733
MetaWearE7,FEAC84C53DE7,1708690126502,2024-02-23T14:08:46,3.16,0.761854,-0.11115522,-0.6379845,0.014095745
MetaWearE7,FEAC84C53DE7,1708690126512,2024-02-23T14:08:46,3.17,0.76273066,-0.115086675,-0.6361566,0.017374704
MetaWearE7,FEAC84C53DE7,1708690126522,2024-02-23T14:08:46,3.18,0.76269275,-0.11799111,-0.63560456,0.01961601
MetaWearE7,FEAC84C53DE7,1708690126552,2024-02-23T14:08:46,3.21,0.7598605,-0.114629045,-0.63969404,0.016237412
MetaWearE7,FEAC84C53DE7,1708690126562,2024-02-23T14:08:46,3.22,0.7582922,-0.11172599,-0.6421217,0.013785861
MetaWearE7,FEAC84C53DE7,1708690126572,2024-02-23T14:08:46,3.23,0.75660557,-0.10900504,-0.6446153,0.011706615
MetaWearE7,FEAC84C53DE7,1708690126582,2024-02-23T14:08:46,3.24,0.75485396,-0.10663569,-0.6470858,0.01021394
MetaWearE7,FEAC84C53DE7,1708690126592,2024-02-23T14:08:46,3.25,0.75298023,-0.104504086,-0.64962786,0.009125598
MetaWearE7,FEAC84C53DE7,1708690126602,2024-02-23T14:08:46,3.26,0.7510151,-0.1023494,-0.6522537,0.0081236
MetaWearE7,FEAC84C53DE7,1708690126632,2024-02-23T14:08:46,3.29,0.7450502,-0.09486967,-0.66021776,0.003503312
MetaWearE7,FEAC84C53DE7,1708690126642,2024-02-23T14:08:46,3.3,0.7431055,-0.092133254,-0.6628004,0.0012107452
MetaWearE7,FEAC84C53DE7,1708690126652,2024-02-23T14:08:46,3.31,0.7411404,-0.08948062,-0.6653584,-0.0014854561
MetaWearE7,FEAC84C53DE7,1708690126662,2024-02-23T14:08:46,3.32,0.7391705,-0.08706806,-0.66785187,-0.0044724406
MetaWearE7,FEAC84C53DE7,1708690126672,2024-02-23T14:08:46,3.33,0.73705775,-0.08482841,-0.6704392,-0.00782803
MetaWearE7,FEAC84C53DE7,1708690126682,2024-02-23T14:08:46,3.34,0.73481464,-0.08284747,-0.67309105,-0.011495825
MetaWearE7,FEAC84C53DE7,1708690126702,2024-02-23T14:08:46,3.36,0.73028207,-0.079672776,-0.6781951,-0.019791085
MetaWearE7,FEAC84C53DE7,1708690126712,2024-02-23T14:08:46,3.37,0.72826743,-0.078445435,-0.6803504,-0.024415864
MetaWearE7,FEAC84C53DE7,1708690126722,2024-02-23T14:08:46,3.38,0.7265452,-0.07744788,-0.68211275,-0.029258857
MetaWearE7,FEAC84C53DE7,1708690126732,2024-02-23T14:08:46,3.39,0.7250843,-0.07653044,-0.6835245,-0.03449826
MetaWearE7,FEAC84C53DE7,1708690126742,2024-02-23T14:08:46,3.4,0.7238382,-0.075601235,-0.6846466,-0.040021416
MetaWearE7,FEAC84C53DE7,1708690126752,2024-02-23T14:08:46,3.41,0.7227147,-0.074536026,-0.68558913,-0.045775957
MetaWearE7,FEAC84C53DE7,1708690126762,2024-02-23T14:08:46,3.42,0.7215959,-0.07326605,-0.6864813,-0.05172046
MetaWearE7,FEAC84C53DE7,1708690126782,2024-02-23T14:08:46,3.44,0.7192066,-0.07019815,-0.68827933,-0.063918754
MetaWearE7,FEAC84C53DE7,1708690126792,2024-02-23T14:08:46,3.45,0.71801686,-0.06843399,-0.6891096,-0.06997368
MetaWearE7,FEAC84C53DE7,1708690126802,2024-02-23T14:08:46,3.46,0.71677095,-0.066464074,-0.6899384,-0.07620289
MetaWearE7,FEAC84C53DE7,1708690126822,2024-02-23T14:08:46,3.48,0.7143283,-0.062066816,-0.6913722,-0.088810556
MetaWearE7,FEAC84C53DE7,1708690126832,2024-02-23T14:08:46,3.49,0.7131419,-0.05964335,-0.69194454,-0.09530883
MetaWearE7,FEAC84C53DE7,1708690126842,2024-02-23T14:08:46,3.5,0.71198875,-0.05720367,-0.6923975,-0.10190912
MetaWearE7,FEAC84C53DE7,1708690126872,2024-02-23T14:08:46,3.53,0.70902395,-0.049892288,-0.6927932,-0.12179234
MetaWearE7,FEAC84C53DE7,1708690126882,2024-02-23T14:08:46,3.54,0.7081166,-0.047504857,-0.6927581,-0.12806408
MetaWearE7,FEAC84C53DE7,1708690126892,2024-02-23T14:08:46,3.55,0.7072287,-0.045071386,-0.69266117,-0.13422605
MetaWearE7,FEAC84C53DE7,1708690126902,2024-02-23T14:08:46,3.56,0.70635945,-0.042525798,-0.69254196,-0.14011945
MetaWearE7,FEAC84C53DE7,1708690126912,2024-02-23T14:08:46,3.57,0.7055345,-0.03975778,-0.6923717,-0.14581408
MetaWearE7,FEAC84C53DE7,1708690127012,2024-02-23T14:08:47,3.67,0.69686586,-0.016948385,-0.69487,-0.17676651
MetaWearE7,FEAC84C53DE7,1708690127032,2024-02-23T14:08:47,3.69,0.69646347,-0.016698496,-0.69527394,-0.17678823
MetaWearE7,FEAC84C53DE7,1708690127062,2024-02-23T14:08:47,3.72,0.6963774,-0.018574007,-0.69568884,-0.17530127
MetaWearE7,FEAC84C53DE7,1708690127072,2024-02-23T14:08:47,3.73,0.69665885,-0.019442702,-0.6955589,-0.17460318
MetaWearE7,FEAC84C53DE7,1708690127082,2024-02-23T14:08:47,3.74,0.6971315,-0.02042653,-0.6952694,-0.17375505
MetaWearE7,FEAC84C53DE7,1708690127092,2024-02-23T14:08:47,3.75,0.69773656,-0.021670077,-0.694917,-0.17258167
MetaWearE7,FEAC84C53DE7,1708690127112,2024-02-23T14:08:47,3.77,0.699609,-0.024892438,-0.6938128,-0.1689719
MetaWearE7,FEAC84C53DE7,1708690127122,2024-02-23T14:08:47,3.78,0.7009959,-0.02682186,-0.69292796,-0.16654196
MetaWearE7,FEAC84C53DE7,1708690127132,2024-02-23T14:08:47,3.79,0.70274705,-0.028838035,-0.6917184,-0.16383119
MetaWearE7,FEAC84C53DE7,1708690127162,2024-02-23T14:08:47,3.82,0.70848346,-0.035927474,-0.6877749,-0.15403263
MetaWearE7,FEAC84C53DE7,1708690127172,2024-02-23T14:08:47,3.83,0.71015185,-0.038840488,-0.68677014,-0.15007512
MetaWearE7,FEAC84C53DE7,1708690127192,2024-02-23T14:08:47,3.85,0.71333367,-0.04444504,-0.6848011,-0.14222227
MetaWearE7,FEAC84C53DE7,1708690127212,2024-02-23T14:08:47,3.87,0.71708375,-0.048587658,-0.68193275,-0.13563886
MetaWearE7,FEAC84C53DE7,1708690127222,2024-02-23T14:08:47,3.88,0.7191787,-0.050248627,-0.6801928,-0.1326457
MetaWearE7,FEAC84C53DE7,1708690127452,2024-02-23T14:08:47,4.11,0.7473525,-0.0835086,-0.6564962,-0.059188433
MetaWearE7,FEAC84C53DE7,1708690127462,2024-02-23T14:08:47,4.12,0.74791646,-0.08446921,-0.65593666,-0.05685736
MetaWearE7,FEAC84C53DE7,1708690127472,2024-02-23T14:08:47,4.13,0.7481974,-0.08533608,-0.6557341,-0.054139048
MetaWearE7,FEAC84C53DE7,1708690127482,2024-02-23T14:08:47,4.14,0.7479977,-0.086199336,-0.6561014,-0.050991062
MetaWearE7,FEAC84C53DE7,1708690127492,2024-02-23T14:08:47,4.15,0.7474467,-0.08713597,-0.65684617,-0.047790736
MetaWearE7,FEAC84C53DE7,1708690127512,2024-02-23T14:08:47,4.17,0.7463646,-0.0890895,-0.6582212,-0.041806377
MetaWearE7,FEAC84C53DE7,1708690127522,2024-02-23T14:08:47,4.18,0.7459221,-0.09040237,-0.65870696,-0.03915057
MetaWearE7,FEAC84C53DE7,1708690127532,2024-02-23T14:08:47,4.19,0.74564016,-0.091971286,-0.65896446,-0.036439553
MetaWearE7,FEAC84C53DE7,1708690127542,2024-02-23T14:08:47,4.2,0.74561113,-0.093510605,-0.65892285,-0.033772796
MetaWearE7,FEAC84C53DE7,1708690127552,2024-02-23T14:08:47,4.21,0.745812,-0.094711356,-0.6586474,-0.03127015
MetaWearE7,FEAC84C53DE7,1708690127562,2024-02-23T14:08:47,4.22,0.7461039,-0.09545203,-0.65832,-0.02885154
MetaWearE7,FEAC84C53DE7,1708690127572,2024-02-23T14:08:47,4.23,0.7463104,-0.09570534,-0.6581584,-0.026240896
MetaWearE7,FEAC84C53DE7,1708690127592,2024-02-23T14:08:47,4.25,0.74578875,-0.09530422,-0.6590185,-0.020268675
MetaWearE7,FEAC84C53DE7,1708690127602,2024-02-23T14:08:47,4.26,0.7450289,-0.09486121,-0.6600413,-0.016698033
MetaWearE7,FEAC84C53DE7,1708690127612,2024-02-23T14:08:47,4.27,0.74410677,-0.09439886,-0.66122884,-0.013050319
MetaWearE7,FEAC84C53DE7,1708690127632,2024-02-23T14:08:47,4.29,0.7425684,-0.09375232,-0.66314405,-0.006534498
MetaWearE7,FEAC84C53DE7,1708690127642,2024-02-23T14:08:47,4.3,0.74194777,-0.09350228,-0.6638991,-0.002963901
MetaWearE7,FEAC84C53DE7,1708690127672,2024-02-23T14:08:47,4.33,0.7493303,-0.09605818,-0.6551921,5.97E-04
MetaWearE7,FEAC84C53DE7,1708690127692,2024-02-23T14:08:47,4.35,0.7495096,-0.09281348,-0.6554548,-1.39E-04
MetaWearE7,FEAC84C53DE7,1708690128192,2024-02-23T14:08:48,4.85,0.75931025,-0.086234495,-0.64484596,0.013611915
MetaWearE7,FEAC84C53DE7,1708690128202,2024-02-23T14:08:48,4.86,0.7593106,-0.08623088,-0.6448461,0.013608841
MetaWearE7,FEAC84C53DE7,1708690128212,2024-02-23T14:08:48,4.87,0.7593105,-0.086228095,-0.6448466,0.013606417
MetaWearE7,FEAC84C53DE7,1708690128222,2024-02-23T14:08:48,4.88,0.7593116,-0.086224236,-0.64484584,0.0136032505
MetaWearE7,FEAC84C53DE7,1708690128242,2024-02-23T14:08:48,4.9,0.7593154,-0.08613935,-0.6448547,0.013505968
MetaWearE7,FEAC84C53DE7,1708690128252,2024-02-23T14:08:48,4.91,0.7593183,-0.0860872,-0.6448597,0.01344628
MetaWearE7,FEAC84C53DE7,1708690128262,2024-02-23T14:08:48,4.92,0.7593227,-0.086040325,-0.6448617,0.013393555
MetaWearE7,FEAC84C53DE7,1708690128272,2024-02-23T14:08:48,4.93,0.7593279,-0.08599308,-0.644863,0.013340613
MetaWearE7,FEAC84C53DE7,1708690128282,2024-02-23T14:08:48,4.94,0.75933516,-0.085943684,-0.6448622,0.013286354
MetaWearE7,FEAC84C53DE7,1708690128292,2024-02-23T14:08:48,4.95,0.7592931,-0.08589404,-0.64491934,0.013238541
MetaWearE7,FEAC84C53DE7,1708690128302,2024-02-23T14:08:48,4.96,0.75925034,-0.08584231,-0.6449776,0.013186731
MetaWearE7,FEAC84C53DE7,1708690128332,2024-02-23T14:08:48,4.99,0.75922155,-0.08568891,-0.6450353,0.013018517
MetaWearE7,FEAC84C53DE7,1708690128342,2024-02-23T14:08:48,5,0.75922525,-0.085641466,-0.64503837,0.012966248
MetaWearE7,FEAC84C53DE7,1708690128352,2024-02-23T14:08:48,5.01,0.7592277,-0.0855961,-0.64504254,0.012915596
MetaWearE7,FEAC84C53DE7,1708690128362,2024-02-23T14:08:48,5.02,0.7592281,-0.085551366,-0.64504904,0.01286519
MetaWearE7,FEAC84C53DE7,1708690128372,2024-02-23T14:08:48,5.03,0.75922817,-0.08554372,-0.64505005,0.012858579
MetaWearE7,FEAC84C53DE7,1708690128382,2024-02-23T14:08:48,5.04,0.7592301,-0.08550265,-0.64505416,0.012812642
MetaWearE7,FEAC84C53DE7,1708690128592,2024-02-23T14:08:48,5.25,0.7592602,-0.085160956,-0.64507073,0.012467827
MetaWearE7,FEAC84C53DE7,1708690128602,2024-02-23T14:08:48,5.26,0.75929993,-0.08515564,-0.64502484,0.012457239
MetaWearE7,FEAC84C53DE7,1708690128612,2024-02-23T14:08:48,5.27,0.75933737,-0.08514938,-0.6449818,0.0124462675
MetaWearE7,FEAC84C53DE7,1708690128622,2024-02-23T14:08:48,5.28,0.75937635,-0.08514093,-0.6449373,0.0124335
MetaWearE7,FEAC84C53DE7,1708690128642,2024-02-23T14:08:48,5.3,0.7593728,-0.085219204,-0.6449291,0.012532512
MetaWearE7,FEAC84C53DE7,1708690128652,2024-02-23T14:08:48,5.31,0.7594073,-0.08527858,-0.6448793,0.012599102
MetaWearE7,FEAC84C53DE7,1708690128662,2024-02-23T14:08:48,5.32,0.7594572,-0.08533637,-0.6448118,0.012660606
MetaWearE7,FEAC84C53DE7,1708690128672,2024-02-23T14:08:48,5.33,0.75951797,-0.08538828,-0.6447323,0.01271349
MetaWearE7,FEAC84C53DE7,1708690128682,2024-02-23T14:08:48,5.34,0.75957286,-0.08543817,-0.64466,0.012765783
MetaWearE7,FEAC84C53DE7,1708690128692,2024-02-23T14:08:48,5.35,0.7596177,-0.08549176,-0.6445989,0.012823901
MetaWearE7,FEAC84C53DE7,1708690128702,2024-02-23T14:08:48,5.36,0.7596173,-0.085537225,-0.6445922,0.012878389
MetaWearE7,FEAC84C53DE7,1708690128722,2024-02-23T14:08:48,5.38,0.7596514,-0.0856052,-0.6445415,0.0129553275
MetaWearE7,FEAC84C53DE7,1708690128742,2024-02-23T14:08:48,5.4,0.75975114,-0.085671455,-0.6444138,0.013019676
MetaWearE7,FEAC84C53DE7,1708690128752,2024-02-23T14:08:48,5.41,0.7598299,-0.0856695,-0.64432156,0.013006359
MetaWearE7,FEAC84C53DE7,1708690128762,2024-02-23T14:08:48,5.42,0.7599055,-0.08566556,-0.644233,0.012992321
MetaWearE7,FEAC84C53DE7,1708690128782,2024-02-23T14:08:48,5.44,0.7600429,-0.085690536,-0.6440672,0.013008761
MetaWearE7,FEAC84C53DE7,1708690128802,2024-02-23T14:08:48,5.46,0.7601322,-0.08577978,-0.6439481,0.013105185
MetaWearE7,FEAC84C53DE7,1708690128812,2024-02-23T14:08:48,5.47,0.76017916,-0.08581612,-0.64388704,0.01314238
MetaWearE7,FEAC84C53DE7,1708690128822,2024-02-23T14:08:48,5.48,0.7602311,-0.0858919,-0.64381564,0.013136738
MetaWearE7,FEAC84C53DE7,1708690128592,2024-02-23T14:08:48,5.25,0.7592602,-0.085160956,-0.64507073,0.012467827
MetaWearE7,FEAC84C53DE7,1708690128602,2024-02-23T14:08:48,5.26,0.75929993,-0.08515564,-0.64502484,0.012457239
MetaWearE7,FEAC84C53DE7,1708690128612,2024-02-23T14:08:48,5.27,0.75933737,-0.08514938,-0.6449818,0.0124462675
MetaWearE7,FEAC84C53DE7,1708690128622,2024-02-23T14:08:48,5.28,0.75937635,-0.08514093,-0.6449373,0.0124335
MetaWearE7,FEAC84C53DE7,1708690128642,2024-02-23T14:08:48,5.3,0.7593728,-0.085219204,-0.6449291,0.012532512
MetaWearE7,FEAC84C53DE7,1708690128652,2024-02-23T14:08:48,5.31,0.7594073,-0.08527858,-0.6448793,0.012599102
MetaWearE7,FEAC84C53DE7,1708690128662,2024-02-23T14:08:48,5.32,0.7594572,-0.08533637,-0.6448118,0.012660606
MetaWearE7,FEAC84C53DE7,1708690128672,2024-02-23T14:08:48,5.33,0.75951797,-0.08538828,-0.6447323,0.01271349
MetaWearE7,FEAC84C53DE7,1708690128682,2024-02-23T14:08:48,5.34,0.75957286,-0.08543817,-0.64466,0.012765783
MetaWearE7,FEAC84C53DE7,1708690128692,2024-02-23T14:08:48,5.35,0.7596177,-0.08549176,-0.6445989,0.012823901
MetaWearE7,FEAC84C53DE7,1708690128702,2024-02-23T14:08:48,5.36,0.7596173,-0.085537225,-0.6445922,0.012878389
MetaWearE7,FEAC84C53DE7,1708690128722,2024-02-23T14:08:48,5.38,0.7596514,-0.0856052,-0.6445415,0.0129553275
MetaWearE7,FEAC84C53DE7,1708690128742,2024-02-23T14:08:48,5.4,0.75975114,-0.085671455,-0.6444138,0.013019676
MetaWearE7,FEAC84C53DE7,1708690128752,2024-02-23T14:08:48,5.41,0.7598299,-0.0856695,-0.64432156,0.013006359
MetaWearE7,FEAC84C53DE7,1708690128762,2024-02-23T14:08:48,5.42,0.7599055,-0.08566556,-0.644233,0.012992321
MetaWearE7,FEAC84C53DE7,1708690128782,2024-02-23T14:08:48,5.44,0.7600429,-0.085690536,-0.6440672,0.013008761
MetaWearE7,FEAC84C53DE7,1708690128802,2024-02-23T14:08:48,5.46,0.7601322,-0.08577978,-0.6439481,0.013105185
MetaWearE7,FEAC84C53DE7,1708690128812,2024-02-23T14:08:48,5.47,0.76017916,-0.08581612,-0.64388704,0.01314238
MetaWearE7,FEAC84C53DE7,1708690128822,2024-02-23T14:08:48,5.48,0.7602311,-0.0858919,-0.64381564,0.013136738
MetaWearE7,FEAC84C53DE7,1708690130122,2024-02-23T14:08:50,6.78,0.7100327,-0.06722953,-0.6948951,-0.0919487
MetaWearE7,FEAC84C53DE7,1708690130132,2024-02-23T14:08:50,6.79,0.7121244,-0.06989057,-0.6928379,-0.089273445
MetaWearE7,FEAC84C53DE7,1708690130142,2024-02-23T14:08:50,6.8,0.7139867,-0.07251101,-0.6910068,-0.08645598
MetaWearE7,FEAC84C53DE7,1708690130152,2024-02-23T14:08:50,6.81,0.71543473,-0.07498378,-0.6895976,-0.08357951
MetaWearE7,FEAC84C53DE7,1708690130172,2024-02-23T14:08:50,6.83,0.71776,-0.07876022,-0.6874439,-0.07770621
MetaWearE7,FEAC84C53DE7,1708690130212,2024-02-23T14:08:50,6.87,0.72382724,-0.08322069,-0.6817653,-0.065912925
MetaWearE7,FEAC84C53DE7,1708690130232,2024-02-23T14:08:50,6.89,0.72718704,-0.08574392,-0.67859626,-0.057914946
MetaWearE7,FEAC84C53DE7,1708690130262,2024-02-23T14:08:50,6.92,0.73012644,-0.09222499,-0.67581844,-0.040979527
MetaWearE7,FEAC84C53DE7,1708690130342,2024-02-23T14:08:50,7,0.73358977,-0.10463063,-0.67146623,0.0056164083
MetaWearE7,FEAC84C53DE7,1708690130352,2024-02-23T14:08:50,7.01,0.735244,-0.10370289,-0.6697801,0.0075293174
MetaWearE7,FEAC84C53DE7,1708690130362,2024-02-23T14:08:50,7.02,0.73675334,-0.10276622,-0.668242,0.009283627
MetaWearE7,FEAC84C53DE7,1708690130372,2024-02-23T14:08:50,7.03,0.73789626,-0.102105126,-0.66705364,0.011099277
MetaWearE7,FEAC84C53DE7,1708690130382,2024-02-23T14:08:50,7.04,0.7387724,-0.101857446,-0.6660828,0.01319225
MetaWearE7,FEAC84C53DE7,1708690130392,2024-02-23T14:08:50,7.05,0.73961234,-0.10206165,-0.66506743,0.015565268
MetaWearE7,FEAC84C53DE7,1708690130412,2024-02-23T14:08:50,7.07,0.74100715,-0.10388842,-0.66311556,0.019831965
MetaWearE7,FEAC84C53DE7,1708690130422,2024-02-23T14:08:50,7.08,0.741546,-0.10479141,-0.6623221,0.021395126
MetaWearE7,FEAC84C53DE7,1708690130432,2024-02-23T14:08:50,7.09,0.7417862,-0.10504206,-0.66198575,0.022230906
MetaWearE7,FEAC84C53DE7,1708690130342,2024-02-23T14:08:50,7,0.73358977,-0.10463063,-0.67146623,0.0056164083
MetaWearE7,FEAC84C53DE7,1708690130352,2024-02-23T14:08:50,7.01,0.735244,-0.10370289,-0.6697801,0.0075293174
MetaWearE7,FEAC84C53DE7,1708690130362,2024-02-23T14:08:50,7.02,0.73675334,-0.10276622,-0.668242,0.009283627
MetaWearE7,FEAC84C53DE7,1708690130372,2024-02-23T14:08:50,7.03,0.73789626,-0.102105126,-0.66705364,0.011099277
MetaWearE7,FEAC84C53DE7,1708690130382,2024-02-23T14:08:50,7.04,0.7387724,-0.101857446,-0.6660828,0.01319225
MetaWearE7,FEAC84C53DE7,1708690130392,2024-02-23T14:08:50,7.05,0.73961234,-0.10206165,-0.66506743,0.015565268
MetaWearE7,FEAC84C53DE7,1708690130412,2024-02-23T14:08:50,7.07,0.74100715,-0.10388842,-0.66311556,0.019831965
MetaWearE7,FEAC84C53DE7,1708690130422,2024-02-23T14:08:50,7.08,0.741546,-0.10479141,-0.6623221,0.021395126
MetaWearE7,FEAC84C53DE7,1708690131102,2024-02-23T14:08:51,7.76,0.7567955,-0.09755891,-0.6463302,4.26E-04
MetaWearE7,FEAC84C53DE7,1708690131112,2024-02-23T14:08:51,7.77,0.7568024,-0.09754388,-0.64632434,4.14E-04
MetaWearE7,FEAC84C53DE7,1708690131122,2024-02-23T14:08:51,7.78,0.75680256,-0.09758124,-0.6463186,3.58E-04
MetaWearE7,FEAC84C53DE7,1708690131142,2024-02-23T14:08:51,7.8,0.7568421,-0.09765535,-0.6462611,2.36E-04
MetaWearE7,FEAC84C53DE7,1708690131152,2024-02-23T14:08:51,7.81,0.756847,-0.09768216,-0.64625126,1.86E-04
MetaWearE7,FEAC84C53DE7,1708690131162,2024-02-23T14:08:51,7.82,0.7568532,-0.09771354,-0.6462393,1.33E-04
MetaWearE7,FEAC84C53DE7,1708690131182,2024-02-23T14:08:51,7.84,0.7568672,-0.09777816,-0.6462132,2.25E-05
MetaWearE7,FEAC84C53DE7,1708690131242,2024-02-23T14:08:51,7.9,0.7568675,-0.09805274,-0.64617115,-3.81E-04
MetaWearE7,FEAC84C53DE7,1708690131252,2024-02-23T14:08:51,7.91,0.75686866,-0.09809538,-0.6461632,-4.46E-04
MetaWearE7,FEAC84C53DE7,1708690131272,2024-02-23T14:08:51,7.93,0.7568695,-0.09817674,-0.6461499,-5.65E-04
MetaWearE7,FEAC84C53DE7,1708690131302,2024-02-23T14:08:51,7.96,0.75689393,-0.09822208,-0.64611423,-7.04E-04
MetaWearE7,FEAC84C53DE7,1708690131312,2024-02-23T14:08:51,7.97,0.7569048,-0.09820245,-0.6461045,-7.19E-04
MetaWearE7,FEAC84C53DE7,1708690131322,2024-02-23T14:08:51,7.98,0.7569125,-0.098183505,-0.64609826,-7.35E-04
MetaWearE7,FEAC84C53DE7,1708690131332,2024-02-23T14:08:51,7.99,0.75692207,-0.09816293,-0.6460902,-7.51E-04
MetaWearE7,FEAC84C53DE7,1708690131352,2024-02-23T14:08:51,8.01,0.756937,-0.09812902,-0.6460777,-7.78E-04
MetaWearE7,FEAC84C53DE7,1708690131382,2024-02-23T14:08:51,8.04,0.7569471,-0.09809408,-0.6460712,-8.07E-04
MetaWearE7,FEAC84C53DE7,1708690131392,2024-02-23T14:08:51,8.05,0.7569482,-0.09808519,-0.64607126,-8.15E-04
MetaWearE7,FEAC84C53DE7,1708690131412,2024-02-23T14:08:51,8.07,0.75695896,-0.098056234,-0.64606297,-8.39E-04
MetaWearE7,FEAC84C53DE7,1708690131422,2024-02-23T14:08:51,8.08,0.7569662,-0.098039865,-0.646057,-8.52E-04
MetaWearE7,FEAC84C53DE7,1708690131432,2024-02-23T14:08:51,8.09,0.7569653,-0.09806691,-0.64605385,-8.96E-04
MetaWearE7,FEAC84C53DE7,1708690131442,2024-02-23T14:08:51,8.1,0.75696903,-0.09805558,-0.6460512,-9.06E-04
MetaWearE7,FEAC84C53DE7,1708690131462,2024-02-23T14:08:51,8.12,0.75697863,-0.0980635,-0.64603883,-8.87E-04
MetaWearE7,FEAC84C53DE7,1708690131502,2024-02-23T14:08:51,8.16,0.75709194,-0.09821558,-0.6458831,-7.88E-04
MetaWearE7,FEAC84C53DE7,1708690131512,2024-02-23T14:08:51,8.17,0.7571636,-0.09823997,-0.64579546,-7.66E-04
MetaWearE7,FEAC84C53DE7,1708690131522,2024-02-23T14:08:51,8.18,0.7572283,-0.09822909,-0.6457211,-7.84E-04
MetaWearE7,FEAC84C53DE7,1708690131542,2024-02-23T14:08:51,8.2,0.757349,-0.09824276,-0.64557743,-7.77E-04
MetaWearE7,FEAC84C53DE7,1708690131552,2024-02-23T14:08:51,8.21,0.7574165,-0.098265655,-0.6454948,-7.55E-04
MetaWearE7,FEAC84C53DE7,1708690131562,2024-02-23T14:08:51,8.22,0.75748277,-0.09825693,-0.6454184,-7.71E-04
MetaWearE7,FEAC84C53DE7,1708690131582,2024-02-23T14:08:51,8.24,0.75761586,-0.09824222,-0.6452644,-8.01E-04
MetaWearE7,FEAC84C53DE7,1708690131592,2024-02-23T14:08:51,8.25,0.75767356,-0.09822772,-0.6451988,-8.19E-04
MetaWearE7,FEAC84C53DE7,1708690131662,2024-02-23T14:08:51,8.32,0.7578969,-0.09837392,-0.6449144,-6.20E-04
MetaWearE7,FEAC84C53DE7,1708690131702,2024-02-23T14:08:51,8.36,0.7579285,-0.09850542,-0.6448572,-4.41E-04
MetaWearE7,FEAC84C53DE7,1708690131722,2024-02-23T14:08:51,8.38,0.7579346,-0.098662436,-0.6448261,-3.35E-04
MetaWearE7,FEAC84C53DE7,1708690131732,2024-02-23T14:08:51,8.39,0.7579387,-0.09876901,-0.6448051,-2.85E-04
MetaWearE7,FEAC84C53DE7,1708690131752,2024-02-23T14:08:51,8.41,0.7579582,-0.09887769,-0.6447655,-1.48E-04
MetaWearE7,FEAC84C53DE7,1708690131762,2024-02-23T14:08:51,8.42,0.75796664,-0.098921634,-0.6447488,-9.21E-05
MetaWearE7,FEAC84C53DE7,1708690131782,2024-02-23T14:08:51,8.44,0.7579699,-0.099015884,-0.6447305,2.12E-05
MetaWearE7,FEAC84C53DE7,1708690130342,2024-02-23T14:08:50,7,0.73358977,-0.10463063,-0.67146623,0.0056164083
MetaWearE7,FEAC84C53DE7,1708690130352,2024-02-23T14:08:50,7.01,0.735244,-0.10370289,-0.6697801,0.0075293174
MetaWearE7,FEAC84C53DE7,1708690130362,2024-02-23T14:08:50,7.02,0.73675334,-0.10276622,-0.668242,0.009283627
MetaWearE7,FEAC84C53DE7,1708690130372,2024-02-23T14:08:50,7.03,0.73789626,-0.102105126,-0.66705364,0.011099277
MetaWearE7,FEAC84C53DE7,1708690130382,2024-02-23T14:08:50,7.04,0.7387724,-0.101857446,-0.6660828,0.01319225
MetaWearE7,FEAC84C53DE7,1708690130392,2024-02-23T14:08:50,7.05,0.73961234,-0.10206165,-0.66506743,0.015565268
MetaWearE7,FEAC84C53DE7,1708690130412,2024-02-23T14:08:50,7.07,0.74100715,-0.10388842,-0.66311556,0.019831965
MetaWearE7,FEAC84C53DE7,1708690130422,2024-02-23T14:08:50,7.08,0.741546,-0.10479141,-0.6623221,0.021395126
MetaWearE7,FEAC84C53DE7,1708690132762,2024-02-23T14:08:52,9.42,0.7063284,-0.027847175,-0.7050783,-0.05647324
MetaWearE7,FEAC84C53DE7,1708690132772,2024-02-23T14:08:52,9.43,0.7057023,-0.027454695,-0.7051205,-0.06352634
MetaWearE7,FEAC84C53DE7,1708690132782,2024-02-23T14:08:52,9.44,0.705113,-0.026857667,-0.7050723,-0.070478864
MetaWearE7,FEAC84C53DE7,1708690132812,2024-02-23T14:08:52,9.47,0.70259124,-0.024687285,-0.70562595,-0.088589214
MetaWearE7,FEAC84C53DE7,1708690132842,2024-02-23T14:08:52,9.5,0.69866824,-0.023923049,-0.7076592,-0.10251266
MetaWearE7,FEAC84C53DE7,1708690132852,2024-02-23T14:08:52,9.51,0.6974276,-0.024200585,-0.70829314,-0.106442384
MetaWearE7,FEAC84C53DE7,1708690132862,2024-02-23T14:08:52,9.52,0.69623065,-0.024712104,-0.70885557,-0.11034454
MetaWearE7,FEAC84C53DE7,1708690132872,2024-02-23T14:08:52,9.53,0.69518054,-0.02537184,-0.7092547,-0.11418475
MetaWearE7,FEAC84C53DE7,1708690132882,2024-02-23T14:08:52,9.54,0.6942901,-0.026124869,-0.70948106,-0.11796339
MetaWearE7,FEAC84C53DE7,1708690133602,2024-02-23T14:08:53,10.26,0.73345894,-0.051823538,-0.6775738,0.015681533
MetaWearE7,FEAC84C53DE7,1708690133612,2024-02-23T14:08:53,10.27,0.73440677,-0.05317398,-0.6764047,0.017199205
MetaWearE7,FEAC84C53DE7,1708690133622,2024-02-23T14:08:53,10.28,0.7353107,-0.05466112,-0.67526305,0.01871378
MetaWearE7,FEAC84C53DE7,1708690133642,2024-02-23T14:08:53,10.3,0.73627156,-0.058387138,-0.67382276,0.021400193
MetaWearE7,FEAC84C53DE7,1708690133652,2024-02-23T14:08:53,10.31,0.7364402,-0.060553454,-0.67340225,0.022770707
MetaWearE7,FEAC84C53DE7,1708690133662,2024-02-23T14:08:53,10.32,0.73655325,-0.06281803,-0.6730259,0.024067571
MetaWearE7,FEAC84C53DE7,1708690133692,2024-02-23T14:08:53,10.35,0.73832786,-0.06871408,-0.67044723,0.025510272
MetaWearE7,FEAC84C53DE7,1708690133722,2024-02-23T14:08:53,10.38,0.7398565,-0.07308596,-0.6683365,0.02443707
MetaWearE7,FEAC84C53DE7,1708690133732,2024-02-23T14:08:53,10.39,0.73933923,-0.07444784,-0.6687611,0.024362912
MetaWearE7,FEAC84C53DE7,1708690133742,2024-02-23T14:08:53,10.4,0.7383768,-0.07573668,-0.66967076,0.024591658
MetaWearE7,FEAC84C53DE7,1708690133752,2024-02-23T14:08:53,10.41,0.73710436,-0.077036865,-0.670909,0.024972763
MetaWearE7,FEAC84C53DE7,1708690133762,2024-02-23T14:08:53,10.42,0.7357838,-0.078299284,-0.67219776,0.025327623
MetaWearE7,FEAC84C53DE7,1708690133772,2024-02-23T14:08:53,10.43,0.7347605,-0.07946648,-0.6731688,0.025609965
MetaWearE7,FEAC84C53DE7,1708690133782,2024-02-23T14:08:53,10.44,0.7342001,-0.080495775,-0.6736552,0.025678718
MetaWearE7,FEAC84C53DE7,1708690133802,2024-02-23T14:08:53,10.46,0.734393,-0.081931256,-0.6732945,0.02507427
MetaWearE7,FEAC84C53DE7,1708690133812,2024-02-23T14:08:53,10.47,0.7348431,-0.082448944,-0.67275614,0.02463384
MetaWearE7,FEAC84C53DE7,1708690133822,2024-02-23T14:08:53,10.48,0.73524874,-0.08285604,-0.6722778,0.024221074
MetaWearE7,FEAC84C53DE7,1708690133832,2024-02-23T14:08:53,10.49,0.7355148,-0.083207786,-0.6719588,0.023786394
MetaWearE7,FEAC84C53DE7,1708690133842,2024-02-23T14:08:53,10.5,0.73568684,-0.08363392,-0.67173487,0.023291474
MetaWearE7,FEAC84C53DE7,1708690133852,2024-02-23T14:08:53,10.51,0.735606,-0.08443784,-0.6717385,0.022834368
MetaWearE7,FEAC84C53DE7,1708690133862,2024-02-23T14:08:53,10.52,0.7378538,-0.08516918,-0.66917247,0.022936402
MetaWearE7,FEAC84C53DE7,1708690133882,2024-02-23T14:08:53,10.54,0.74102795,-0.08355134,-0.665891,0.022045236
MetaWearE7,FEAC84C53DE7,1708690133892,2024-02-23T14:08:53,10.55,0.74184215,-0.08501178,-0.6648247,0.021240687
MetaWearE7,FEAC84C53DE7,1708690133902,2024-02-23T14:08:53,10.56,0.74256206,-0.08605411,-0.6639225,0.020081917
MetaWearE7,FEAC84C53DE7,1708690133912,2024-02-23T14:08:53,10.57,0.74367344,-0.08632143,-0.6626715,0.01910188
MetaWearE7,FEAC84C53DE7,1708690133922,2024-02-23T14:08:53,10.58,0.74497074,-0.0858477,-0.66127676,0.019020354
MetaWearE7,FEAC84C53DE7,1708690133932,2024-02-23T14:08:53,10.59,0.745216,-0.08520161,-0.66106766,0.019576017
MetaWearE7,FEAC84C53DE7,1708690133942,2024-02-23T14:08:53,10.6,0.7449473,-0.08491458,-0.6613894,0.020174898
MetaWearE7,FEAC84C53DE7,1708690133962,2024-02-23T14:08:53,10.62,0.74488163,-0.0847934,-0.66145897,0.020819558
MetaWearE7,FEAC84C53DE7,1708690133972,2024-02-23T14:08:53,10.63,0.7453421,-0.08475379,-0.6609455,0.020809144
MetaWearE7,FEAC84C53DE7,1708690133992,2024-02-23T14:08:53,10.65,0.7470329,-0.084564745,-0.65906674,0.020534998
MetaWearE7,FEAC84C53DE7,1708690134002,2024-02-23T14:08:54,10.66,0.74789435,-0.0843903,-0.65811473,0.020428708
MetaWearE7,FEAC84C53DE7,1708690134012,2024-02-23T14:08:54,10.67,0.74857146,-0.084201254,-0.6573688,0.020423846
MetaWearE7,FEAC84C53DE7,1708690134022,2024-02-23T14:08:54,10.68,0.7490258,-0.084080905,-0.6568645,0.020485213
MetaWearE7,FEAC84C53DE7,1708690134042,2024-02-23T14:08:54,10.7,0.74937373,-0.0838763,-0.6564892,0.020631993
MetaWearE7,FEAC84C53DE7,1708690134052,2024-02-23T14:08:54,10.71,0.74938345,-0.083789505,-0.6564868,0.02070803
MetaWearE7,FEAC84C53DE7,1708690134062,2024-02-23T14:08:54,10.72,0.7493571,-0.08368089,-0.6565284,0.02077987
MetaWearE7,FEAC84C53DE7,1708690134072,2024-02-23T14:08:54,10.73,0.7493663,-0.083597735,-0.65652674,0.020838346
MetaWearE7,FEAC84C53DE7,1708690134082,2024-02-23T14:08:54,10.74,0.7493743,-0.083521664,-0.6565258,0.020889137
MetaWearE7,FEAC84C53DE7,1708690134092,2024-02-23T14:08:54,10.75,0.74943936,-0.083445035,-0.65646,0.020929264
MetaWearE7,FEAC84C53DE7,1708690134102,2024-02-23T14:08:54,10.76,0.749525,-0.083366185,-0.65637094,0.020968225
MetaWearE7,FEAC84C53DE7,1708690134122,2024-02-23T14:08:54,10.78,0.74968946,-0.08322698,-0.6561988,0.021030081
MetaWearE7,FEAC84C53DE7,1708690134132,2024-02-23T14:08:54,10.79,0.74977744,-0.08316936,-0.6561049,0.021050557
MetaWearE7,FEAC84C53DE7,1708690134142,2024-02-23T14:08:54,10.8,0.7498789,-0.083161816,-0.6559906,0.02102905
MetaWearE7,FEAC84C53DE7,1708690134152,2024-02-23T14:08:54,10.81,0.7500193,-0.083114624,-0.65583575,0.021037087
MetaWearE7,FEAC84C53DE7,1708690134162,2024-02-23T14:08:54,10.82,0.75019455,-0.083069116,-0.6556408,0.02104135
MetaWearE7,FEAC84C53DE7,1708690134172,2024-02-23T14:08:54,10.83,0.75041115,-0.08302461,-0.6553985,0.021045903
MetaWearE7,FEAC84C53DE7,1708690134182,2024-02-23T14:08:54,10.84,0.750656,-0.08298255,-0.6551234,0.02104052
MetaWearE7,FEAC84C53DE7,1708690134202,2024-02-23T14:08:54,10.86,0.75115013,-0.08297128,-0.6545612,0.020951321
MetaWearE7,FEAC84C53DE7,1708690134212,2024-02-23T14:08:54,10.87,0.7513932,-0.08296602,-0.65428424,0.020908453
MetaWearE7,FEAC84C53DE7,1708690134222,2024-02-23T14:08:54,10.88,0.75161785,-0.08296165,-0.654028,0.020869961
MetaWearE7,FEAC84C53DE7,1708690134232,2024-02-23T14:08:54,10.89,0.75181353,-0.08295453,-0.653805,0.0208342
MetaWearE7,FEAC84C53DE7,1708690134242,2024-02-23T14:08:54,10.9,0.751995,-0.08294953,-0.65359795,0.020802403
MetaWearE7,FEAC84C53DE7,1708690134252,2024-02-23T14:08:54,10.91,0.7521751,-0.08294287,-0.65339243,0.020770038
MetaWearE7,FEAC84C53DE7,1708690134262,2024-02-23T14:08:54,10.92,0.7523488,-0.08293385,-0.65319467,0.020736717
MetaWearE7,FEAC84C53DE7,1708690134282,2024-02-23T14:08:54,10.94,0.7526672,-0.08291785,-0.65283173,0.020674761
MetaWearE7,FEAC84C53DE7,1708690134292,2024-02-23T14:08:54,10.95,0.75283444,-0.08291208,-0.65264064,0.020643385
MetaWearE7,FEAC84C53DE7,1708690134302,2024-02-23T14:08:54,10.96,0.7530304,-0.082907125,-0.65241635,0.020607619
MetaWearE7,FEAC84C53DE7,1708690134312,2024-02-23T14:08:54,10.97,0.75323814,-0.08294023,-0.6521745,0.020534845
MetaWearE7,FEAC84C53DE7,1708690134322,2024-02-23T14:08:54,10.98,0.7534612,-0.08294791,-0.65191984,0.020405252
MetaWearE7,FEAC84C53DE7,1708690134332,2024-02-23T14:08:54,10.99,0.75368553,-0.082947284,-0.65166414,0.02029116
MetaWearE7,FEAC84C53DE7,1708690134342,2024-02-23T14:08:54,11,0.7538905,-0.08298849,-0.65142447,0.020206366
MetaWearE7,FEAC84C53DE7,1708690134492,2024-02-23T14:08:54,11.15,0.75562245,-0.08373986,-0.6493554,0.018973174
MetaWearE7,FEAC84C53DE7,1708690134502,2024-02-23T14:08:54,11.16,0.7556813,-0.08377404,-0.6492844,0.018904157
MetaWearE7,FEAC84C53DE7,1708690134532,2024-02-23T14:08:54,11.19,0.755717,-0.083885245,-0.64923394,0.01872171
MetaWearE7,FEAC84C53DE7,1708690134542,2024-02-23T14:08:54,11.2,0.7557509,-0.083933026,-0.6491903,0.01865012
MetaWearE7,FEAC84C53DE7,1708690134552,2024-02-23T14:08:54,11.21,0.7557872,-0.08398509,-0.64914334,0.018579362
MetaWearE7,FEAC84C53DE7,1708690134562,2024-02-23T14:08:54,11.22,0.75581723,-0.084038235,-0.64910334,0.018510707
MetaWearE7,FEAC84C53DE7,1708690134572,2024-02-23T14:08:54,11.23,0.75581455,-0.08408549,-0.64910215,0.018449215
MetaWearE7,FEAC84C53DE7,1708690134582,2024-02-23T14:08:54,11.24,0.75581604,-0.08411821,-0.64909774,0.018396134
MetaWearE7,FEAC84C53DE7,1708690134602,2024-02-23T14:08:54,11.26,0.7558268,-0.08411904,-0.649087,0.018331468
MetaWearE7,FEAC84C53DE7,1708690134612,2024-02-23T14:08:54,11.27,0.7558312,-0.08410105,-0.64908457,0.0183164
MetaWearE7,FEAC84C53DE7,1708690134622,2024-02-23T14:08:54,11.28,0.75583595,-0.08408367,-0.64908165,0.018301912
MetaWearE7,FEAC84C53DE7,1708690134632,2024-02-23T14:08:54,11.29,0.7558346,-0.0841072,-0.6490815,0.018254006
MetaWearE7,FEAC84C53DE7,1708690134642,2024-02-23T14:08:54,11.3,0.75583047,-0.084132485,-0.6490844,0.018207217
MetaWearE7,FEAC84C53DE7,1708690134652,2024-02-23T14:08:54,11.31,0.7558293,-0.08416052,-0.64908355,0.018157842
MetaWearE7,FEAC84C53DE7,1708690134662,2024-02-23T14:08:54,11.32,0.7558293,-0.08419395,-0.64908075,0.018105153
MetaWearE7,FEAC84C53DE7,1708690134682,2024-02-23T14:08:54,11.34,0.7558238,-0.084254555,-0.6490819,0.018007144
MetaWearE7,FEAC84C53DE7,1708690134692,2024-02-23T14:08:54,11.35,0.7558219,-0.08428335,-0.6490817,0.017956946
MetaWearE7,FEAC84C53DE7,1708690134702,2024-02-23T14:08:54,11.36,0.75581914,-0.0843079,-0.649083,0.017909732
MetaWearE7,FEAC84C53DE7,1708690134712,2024-02-23T14:08:54,11.37,0.75582004,-0.08429399,-0.64908415,0.017897688
MetaWearE7,FEAC84C53DE7,1708690134722,2024-02-23T14:08:54,11.38,0.7558163,-0.08432162,-0.64908624,0.017853001
MetaWearE7,FEAC84C53DE7,1708690134992,2024-02-23T14:08:54,11.65,0.7557711,-0.08396124,-0.64919525,0.017496692
MetaWearE7,FEAC84C53DE7,1708690135012,2024-02-23T14:08:55,11.67,0.75577205,-0.08394025,-0.6491973,0.017478459
MetaWearE7,FEAC84C53DE7,1708690135022,2024-02-23T14:08:55,11.68,0.7557721,-0.083930835,-0.6491987,0.01747021
MetaWearE7,FEAC84C53DE7,1708690135032,2024-02-23T14:08:55,11.69,0.755773,-0.083920695,-0.64919925,0.017461464
MetaWearE7,FEAC84C53DE7,1708690135052,2024-02-23T14:08:55,11.71,0.7557708,-0.083898515,-0.6492051,0.017441712
MetaWearE7,FEAC84C53DE7,1708690135062,2024-02-23T14:08:55,11.72,0.7557708,-0.083898515,-0.6492051,0.017441712
MetaWearE7,FEAC84C53DE7,1708690135072,2024-02-23T14:08:55,11.73,0.7557708,-0.083898515,-0.6492051,0.017441712
MetaWearE7,FEAC84C53DE7,1708690135092,2024-02-23T14:08:55,11.75,0.7557708,-0.083898515,-0.6492051,0.017441712
MetaWearE7,FEAC84C53DE7,1708690135102,2024-02-23T14:08:55,11.76,0.7557708,-0.083898515,-0.6492051,0.017441712
MetaWearE7,FEAC84C53DE7,1708690135112,2024-02-23T14:08:55,11.77,0.7557708,-0.083898515,-0.6492051,0.017441712
MetaWearE7,FEAC84C53DE7,1708690135122,2024-02-23T14:08:55,11.78,0.7558118,-0.08389962,-0.64915735,0.017436411
MetaWearE7,FEAC84C53DE7,1708690135132,2024-02-23T14:08:55,11.79,0.75587136,-0.083857305,-0.6490927,0.017466946
MetaWearE7,FEAC84C53DE7,1708690135142,2024-02-23T14:08:55,11.8,0.75592947,-0.08385887,-0.649025,0.017459441
MetaWearE7,FEAC84C53DE7,1708690135152,2024-02-23T14:08:55,11.81,0.75599194,-0.083820626,-0.6489565,0.017486114
MetaWearE7,FEAC84C53DE7,1708690135172,2024-02-23T14:08:55,11.83,0.75609,-0.08382327,-0.6488422,0.017473448
MetaWearE7,FEAC84C53DE7,1708690135182,2024-02-23T14:08:55,11.84,0.75614125,-0.08382465,-0.6487825,0.017466828
MetaWearE7,FEAC84C53DE7,1708690135192,2024-02-23T14:08:55,11.85,0.7561925,-0.08382603,-0.64872277,0.017460208
MetaWearE7,FEAC84C53DE7,1708690135212,2024-02-23T14:08:55,11.87,0.7562704,-0.08382812,-0.64863193,0.017450139
MetaWearE7,FEAC84C53DE7,1708690135222,2024-02-23T14:08:55,11.88,0.7562704,-0.08382812,-0.64863193,0.017450139
MetaWearE7,FEAC84C53DE7,1708690135252,2024-02-23T14:08:55,11.91,0.7562704,-0.08382812,-0.64863193,0.017450139
MetaWearE7,FEAC84C53DE7,1708690135262,2024-02-23T14:08:55,11.92,0.7562704,-0.08382812,-0.64863193,0.017450139
MetaWearE7,FEAC84C53DE7,1708690135272,2024-02-23T14:08:55,11.93,0.7562704,-0.08382812,-0.64863193,0.017450139
MetaWearE7,FEAC84C53DE7,1708690135282,2024-02-23T14:08:55,11.94,0.7562704,-0.08382812,-0.64863193,0.017450139
MetaWearE7,FEAC84C53DE7,1708690135292,2024-02-23T14:08:55,11.95,0.7562704,-0.08382812,-0.64863193,0.017450139
MetaWearE7,FEAC84C53DE7,1708690135302,2024-02-23T14:08:55,11.96,0.7562704,-0.08382812,-0.64863193,0.017450139
MetaWearE7,FEAC84C53DE7,1708690135312,2024-02-23T14:08:55,11.97,0.7562704,-0.08382812,-0.64863193,0.017450139
MetaWearE7,FEAC84C53DE7,1708690135332,2024-02-23T14:08:55,11.99,0.7562704,-0.08382812,-0.64863193,0.017450139
MetaWearE7,FEAC84C53DE7,1708690135342,2024-02-23T14:08:55,12,0.7562704,-0.08382812,-0.64863193,0.017450139
MetaWearE7,FEAC84C53DE7,1708690135352,2024-02-23T14:08:55,12.01,0.7562704,-0.08382812,-0.64863193,0.017450139
MetaWearE7,FEAC84C53DE7,1708690135362,2024-02-23T14:08:55,12.02,0.7562704,-0.08382812,-0.64863193,0.017450139
MetaWearE7,FEAC84C53DE7,1708690135372,2024-02-23T14:08:55,12.03,0.7562704,-0.08382812,-0.64863193,0.017450139
MetaWearE7,FEAC84C53DE7,1708690135382,2024-02-23T14:08:55,12.04,0.7562704,-0.08382812,-0.64863193,0.017450139
MetaWearE7,FEAC84C53DE7,1708690135392,2024-02-23T14:08:55,12.05,0.7562704,-0.08382812,-0.64863193,0.017450139
MetaWearE7,FEAC84C53DE7,1708690135412,2024-02-23T14:08:55,12.07,0.7562704,-0.08382812,-0.64863193,0.017450139
MetaWearE7,FEAC84C53DE7,1708690135422,2024-02-23T14:08:55,12.08,0.7562704,-0.08382812,-0.64863193,0.017450139
MetaWearE7,FEAC84C53DE7,1708690135432,2024-02-23T14:08:55,12.09,0.7562704,-0.08382812,-0.64863193,0.017450139
MetaWearE7,FEAC84C53DE7,1708690135442,2024-02-23T14:08:55,12.1,0.7562704,-0.08382812,-0.64863193,0.017450139
MetaWearE7,FEAC84C53DE7,1708690135452,2024-02-23T14:08:55,12.11,0.7562704,-0.08382812,-0.64863193,0.017450139
MetaWearE7,FEAC84C53DE7,1708690135472,2024-02-23T14:08:55,12.13,0.756168,-0.083825365,-0.6487513,0.017463375
MetaWearE7,FEAC84C53DE7,1708690135492,2024-02-23T14:08:55,12.15,0.7560598,-0.08382245,-0.6488774,0.017477354
MetaWearE7,FEAC84C53DE7,1708690135502,2024-02-23T14:08:55,12.16,0.7559984,-0.0838208,-0.648949,0.017485294
MetaWearE7,FEAC84C53DE7,1708690135512,2024-02-23T14:08:55,12.17,0.7559369,-0.08381914,-0.6490207,0.017493235
MetaWearE7,FEAC84C53DE7,1708690135522,2024-02-23T14:08:55,12.18,0.755872,-0.08381739,-0.64909625,0.017501617
MetaWearE7,FEAC84C53DE7,1708690135532,2024-02-23T14:08:55,12.19,0.75580025,-0.083815455,-0.6491798,0.01751088
MetaWearE7,FEAC84C53DE7,1708690135542,2024-02-23T14:08:55,12.2,0.75572985,-0.083813556,-0.64926183,0.017519971
MetaWearE7,FEAC84C53DE7,1708690135552,2024-02-23T14:08:55,12.21,0.7556295,-0.08381084,-0.6493785,0.017532915
MetaWearE7,FEAC84C53DE7,1708690135572,2024-02-23T14:08:55,12.23,0.7553584,-0.08380352,-0.64969385,0.017567893
MetaWearE7,FEAC84C53DE7,1708690135582,2024-02-23T14:08:55,12.24,0.7552045,-0.08379936,-0.6498728,0.017587742
MetaWearE7,FEAC84C53DE7,1708690135592,2024-02-23T14:08:55,12.25,0.7550369,-0.083794825,-0.65006757,0.017609354
MetaWearE7,FEAC84C53DE7,1708690135602,2024-02-23T14:08:55,12.26,0.7548655,-0.083790176,-0.6502664,0.017631428
MetaWearE7,FEAC84C53DE7,1708690135612,2024-02-23T14:08:55,12.27,0.7546773,-0.08378507,-0.6504849,0.017655684
MetaWearE7,FEAC84C53DE7,1708690135622,2024-02-23T14:08:55,12.28,0.7544741,-0.08381725,-0.6507143,0.017725417
MetaWearE7,FEAC84C53DE7,1708690135632,2024-02-23T14:08:55,12.29,0.7542582,-0.08384954,-0.65095854,0.017797325
MetaWearE7,FEAC84C53DE7,1708690135652,2024-02-23T14:08:55,12.31,0.75383,-0.083871484,-0.65144897,0.01789133
MetaWearE7,FEAC84C53DE7,1708690135662,2024-02-23T14:08:55,12.32,0.7536414,-0.083866306,-0.6516672,0.01791561
MetaWearE7,FEAC84C53DE7,1708690135672,2024-02-23T14:08:55,12.33,0.75345623,-0.08386122,-0.6518814,0.017939446
MetaWearE7,FEAC84C53DE7,1708690135682,2024-02-23T14:08:55,12.34,0.7532708,-0.0838561,-0.6520954,0.017963279
MetaWearE7,FEAC84C53DE7,1708690135692,2024-02-23T14:08:55,12.35,0.7530811,-0.08388524,-0.652309,0.018027226
MetaWearE7,FEAC84C53DE7,1708690135702,2024-02-23T14:08:55,12.36,0.752891,-0.08392467,-0.6525213,0.018103061
MetaWearE7,FEAC84C53DE7,1708690135712,2024-02-23T14:08:55,12.37,0.75269055,-0.08396381,-0.6527454,0.018180221
MetaWearE7,FEAC84C53DE7,1708690135732,2024-02-23T14:08:55,12.39,0.75228626,-0.08404114,-0.6531971,0.018333983
MetaWearE7,FEAC84C53DE7,1708690135742,2024-02-23T14:08:55,12.4,0.75210965,-0.084077485,-0.6533937,0.018404078
MetaWearE7,FEAC84C53DE7,1708690135752,2024-02-23T14:08:55,12.41,0.7519363,-0.08412081,-0.65358543,0.01848165
MetaWearE7,FEAC84C53DE7,1708690135762,2024-02-23T14:08:55,12.42,0.7517423,-0.08416942,-0.6537999,0.018568594
MetaWearE7,FEAC84C53DE7,1708690135772,2024-02-23T14:08:55,12.43,0.75150305,-0.08422464,-0.6540649,0.018670408
MetaWearE7,FEAC84C53DE7,1708690135782,2024-02-23T14:08:55,12.44,0.75119764,-0.08429517,-0.6544026,0.018800417
MetaWearE7,FEAC84C53DE7,1708690135792,2024-02-23T14:08:55,12.45,0.7507292,-0.08446611,-0.65491456,0.018917078
MetaWearE7,FEAC84C53DE7,1708690135812,2024-02-23T14:08:55,12.47,0.748965,-0.08516944,-0.6568346,0.019128883
MetaWearE7,FEAC84C53DE7,1708690135932,2024-02-23T14:08:55,12.59,0.73172987,-0.10962277,-0.67165613,0.037845287
MetaWearE7,FEAC84C53DE7,1708690135952,2024-02-23T14:08:55,12.61,0.7315577,-0.104808494,-0.67296475,0.030934624
MetaWearE7,FEAC84C53DE7,1708690135972,2024-02-23T14:08:55,12.63,0.7324225,-0.098679006,-0.6732626,0.023176935
MetaWearE7,FEAC84C53DE7,1708690135982,2024-02-23T14:08:55,12.64,0.73238516,-0.09570404,-0.6738234,0.020364389
MetaWearE7,FEAC84C53DE7,1708690135992,2024-02-23T14:08:55,12.65,0.7318139,-0.092631705,-0.6749294,0.01838949
MetaWearE7,FEAC84C53DE7,1708690136002,2024-02-23T14:08:56,12.66,0.7307692,-0.0893593,-0.6765341,0.017110681
MetaWearE7,FEAC84C53DE7,1708690136012,2024-02-23T14:08:56,12.67,0.7293842,-0.085862786,-0.67850286,0.01612632
MetaWearE7,FEAC84C53DE7,1708690136022,2024-02-23T14:08:56,12.68,0.72782016,-0.08224572,-0.6806518,0.015054844
MetaWearE7,FEAC84C53DE7,1708690136032,2024-02-23T14:08:56,12.69,0.72626925,-0.07865442,-0.6827595,0.013629472
MetaWearE7,FEAC84C53DE7,1708690136052,2024-02-23T14:08:56,12.71,0.7233465,-0.07230025,-0.68662995,0.009041209
MetaWearE7,FEAC84C53DE7,1708690136062,2024-02-23T14:08:56,12.72,0.72197145,-0.069648616,-0.68838435,0.005764103
MetaWearE7,FEAC84C53DE7,1708690136072,2024-02-23T14:08:56,12.73,0.7206396,-0.06735891,-0.69002736,0.0019055066
MetaWearE7,FEAC84C53DE7,1708690136082,2024-02-23T14:08:56,12.74,0.719347,-0.065400474,-0.69156116,-0.0024045662
MetaWearE7,FEAC84C53DE7,1708690136092,2024-02-23T14:08:56,12.75,0.7181169,-0.06376562,-0.6929608,-0.006892045
MetaWearE7,FEAC84C53DE7,1708690136102,2024-02-23T14:08:56,12.76,0.7168872,-0.062362943,-0.6942982,-0.011557515
MetaWearE7,FEAC84C53DE7,1708690136142,2024-02-23T14:08:56,12.8,0.7119278,-0.058349475,-0.6991997,-0.02956116
MetaWearE7,FEAC84C53DE7,1708690136152,2024-02-23T14:08:56,12.81,0.7108271,-0.057436112,-0.7001977,-0.033896826
MetaWearE7,FEAC84C53DE7,1708690136172,2024-02-23T14:08:56,12.83,0.7087721,-0.055591732,-0.70196337,-0.04241356
MetaWearE7,FEAC84C53DE7,1708690136182,2024-02-23T14:08:56,12.84,0.70782226,-0.05462669,-0.7027244,-0.04671046
MetaWearE7,FEAC84C53DE7,1708690136192,2024-02-23T14:08:56,12.85,0.70698005,-0.05358914,-0.70334524,-0.051116902
MetaWearE7,FEAC84C53DE7,1708690136212,2024-02-23T14:08:56,12.87,0.7057429,-0.051341414,-0.7040219,-0.060367305
MetaWearE7,FEAC84C53DE7,1708690136222,2024-02-23T14:08:56,12.88,0.7053392,-0.050259653,-0.70406777,-0.06526159
MetaWearE7,FEAC84C53DE7,1708690136232,2024-02-23T14:08:56,12.89,0.7050551,-0.04925263,-0.7039468,-0.07021611
MetaWearE7,FEAC84C53DE7,1708690136242,2024-02-23T14:08:56,12.9,0.7048814,-0.048297822,-0.70366734,-0.075244844
MetaWearE7,FEAC84C53DE7,1708690136252,2024-02-23T14:08:56,12.91,0.7047403,-0.047379147,-0.7033162,-0.080265895
MetaWearE7,FEAC84C53DE7,1708690136262,2024-02-23T14:08:56,12.92,0.70473796,-0.04636437,-0.7027861,-0.08536065
MetaWearE7,FEAC84C53DE7,1708690136412,2024-02-23T14:08:56,13.07,0.7034904,-0.022293035,-0.6948661,-0.1475306
MetaWearE7,FEAC84C53DE7,1708690136422,2024-02-23T14:08:56,13.08,0.7029236,-0.021608131,-0.69503456,-0.14952776
MetaWearE7,FEAC84C53DE7,1708690136432,2024-02-23T14:08:56,13.09,0.70224774,-0.021034122,-0.6953188,-0.15145098
MetaWearE7,FEAC84C53DE7,1708690136442,2024-02-23T14:08:56,13.1,0.70149654,-0.020660304,-0.69571155,-0.15317063
MetaWearE7,FEAC84C53DE7,1708690136462,2024-02-23T14:08:56,13.12,0.69987947,-0.02077521,-0.6968017,-0.1555778
MetaWearE7,FEAC84C53DE7,1708690136472,2024-02-23T14:08:56,13.13,0.699107,-0.02121002,-0.697417,-0.15623404
MetaWearE7,FEAC84C53DE7,1708690136482,2024-02-23T14:08:56,13.14,0.6983713,-0.021872697,-0.69806516,-0.15653786
MetaWearE7,FEAC84C53DE7,1708690136492,2024-02-23T14:08:56,13.15,0.6976944,-0.022756604,-0.69871956,-0.15651049
MetaWearE7,FEAC84C53DE7,1708690136502,2024-02-23T14:08:56,13.16,0.69720864,-0.023832386,-0.69924766,-0.15615647
MetaWearE7,FEAC84C53DE7,1708690136522,2024-02-23T14:08:56,13.18,0.6969945,-0.026754685,-0.6998036,-0.15413567
MetaWearE7,FEAC84C53DE7,1708690136542,2024-02-23T14:08:56,13.2,0.69718057,-0.03078298,-0.70031714,-0.15015885
MetaWearE7,FEAC84C53DE7,1708690136552,2024-02-23T14:08:56,13.21,0.69722784,-0.032997377,-0.70073617,-0.14749008
MetaWearE7,FEAC84C53DE7,1708690136562,2024-02-23T14:08:56,13.22,0.6972796,-0.035070337,-0.7011683,-0.14468706
MetaWearE7,FEAC84C53DE7,1708690136572,2024-02-23T14:08:56,13.23,0.6974072,-0.036917385,-0.7015014,-0.14197198
MetaWearE7,FEAC84C53DE7,1708690136592,2024-02-23T14:08:56,13.25,0.69817096,-0.039820924,-0.7014971,-0.1373805
MetaWearE7,FEAC84C53DE7,1708690136602,2024-02-23T14:08:56,13.26,0.69898814,-0.04100061,-0.70097977,-0.13550603
MetaWearE7,FEAC84C53DE7,1708690136622,2024-02-23T14:08:56,13.28,0.70105195,-0.04279705,-0.69937724,-0.13253722
MetaWearE7,FEAC84C53DE7,1708690136632,2024-02-23T14:08:56,13.29,0.7020668,-0.043501053,-0.6985793,-0.13113667
MetaWearE7,FEAC84C53DE7,1708690136642,2024-02-23T14:08:56,13.3,0.7029435,-0.044129655,-0.6979427,-0.12961115
MetaWearE7,FEAC84C53DE7,1708690136662,2024-02-23T14:08:56,13.32,0.70421576,-0.045309056,-0.6971758,-0.12638497
MetaWearE7,FEAC84C53DE7,1708690136672,2024-02-23T14:08:56,13.33,0.70476556,-0.045964055,-0.6968701,-0.124759875
MetaWearE7,FEAC84C53DE7,1708690136682,2024-02-23T14:08:56,13.34,0.70532835,-0.04671238,-0.69653326,-0.12317166
MetaWearE7,FEAC84C53DE7,1708690136702,2024-02-23T14:08:56,13.36,0.7065863,-0.04867931,-0.6956278,-0.120283425
MetaWearE7,FEAC84C53DE7,1708690136712,2024-02-23T14:08:56,13.37,0.70738405,-0.04994381,-0.6949582,-0.11893904
MetaWearE7,FEAC84C53DE7,1708690136732,2024-02-23T14:08:56,13.39,0.70910037,-0.052947152,-0.6934261,-0.11633327
MetaWearE7,FEAC84C53DE7,1708690136742,2024-02-23T14:08:56,13.4,0.7097193,-0.054844983,-0.6928793,-0.114929155
MetaWearE7,FEAC84C53DE7,1708690136752,2024-02-23T14:08:56,13.41,0.7102009,-0.05707598,-0.69249594,-0.1131654
MetaWearE7,FEAC84C53DE7,1708690136762,2024-02-23T14:08:56,13.42,0.7105521,-0.0596225,-0.69226295,-0.11105387
MetaWearE7,FEAC84C53DE7,1708690136792,2024-02-23T14:08:56,13.45,0.710807,-0.06839774,-0.69232994,-0.103703156
MetaWearE7,FEAC84C53DE7,1708690137132,2024-02-23T14:08:57,13.79,0.7337435,-0.0869196,-0.6738328,0.003845385
MetaWearE7,FEAC84C53DE7,1708690137142,2024-02-23T14:08:57,13.8,0.7344685,-0.08858279,-0.6728182,0.0049635014
MetaWearE7,FEAC84C53DE7,1708690137152,2024-02-23T14:08:57,13.81,0.735213,-0.09010339,-0.6717946,0.005938971
MetaWearE7,FEAC84C53DE7,1708690137162,2024-02-23T14:08:57,13.82,0.7359699,-0.09137083,-0.670786,0.0067716497
MetaWearE7,FEAC84C53DE7,1708690137182,2024-02-23T14:08:57,13.84,0.73705,-0.09325575,-0.6693284,0.0077538067
MetaWearE7,FEAC84C53DE7,1708690137192,2024-02-23T14:08:57,13.85,0.73731273,-0.09391198,-0.6689421,0.00817587
MetaWearE7,FEAC84C53DE7,1708690137212,2024-02-23T14:08:57,13.87,0.7369804,-0.09414261,-0.66926676,0.008882472
MetaWearE7,FEAC84C53DE7,1708690137232,2024-02-23T14:08:57,13.89,0.7353384,-0.09221206,-0.6713384,0.008898287
MetaWearE7,FEAC84C53DE7,1708690137242,2024-02-23T14:08:57,13.9,0.7341949,-0.090614565,-0.67280775,0.008745286
MetaWearE7,FEAC84C53DE7,1708690137262,2024-02-23T14:08:57,13.92,0.7318172,-0.087330066,-0.6758284,0.008542605
MetaWearE7,FEAC84C53DE7,1708690137272,2024-02-23T14:08:57,13.93,0.73073876,-0.085943185,-0.67717147,0.008575746
MetaWearE7,FEAC84C53DE7,1708690137282,2024-02-23T14:08:57,13.94,0.7296631,-0.08491962,-0.67845374,0.008999817
MetaWearE7,FEAC84C53DE7,1708690137292,2024-02-23T14:08:57,13.95,0.7311582,-0.085882686,-0.67670196,0.010304955
MetaWearE7,FEAC84C53DE7,1708690137302,2024-02-23T14:08:57,13.96,0.73350763,-0.08780236,-0.67388034,0.011944656
MetaWearE7,FEAC84C53DE7,1708690137322,2024-02-23T14:08:57,13.98,0.734571,-0.09143463,-0.67218894,0.014394288
MetaWearE7,FEAC84C53DE7,1708690137342,2024-02-23T14:08:57,14,0.7352729,-0.093042284,-0.6711894,0.01488806
MetaWearE7,FEAC84C53DE7,1708690137352,2024-02-23T14:08:57,14.01,0.7354704,-0.0927739,-0.6710111,0.014847532
MetaWearE7,FEAC84C53DE7,1708690137362,2024-02-23T14:08:57,14.02,0.735582,-0.092680976,-0.6709042,0.01472789
MetaWearE7,FEAC84C53DE7,1708690137372,2024-02-23T14:08:57,14.03,0.735642,-0.092682295,-0.6708384,0.014719595
MetaWearE7,FEAC84C53DE7,1708690137382,2024-02-23T14:08:57,14.04,0.7357787,-0.09259182,-0.67069596,0.014951489
MetaWearE7,FEAC84C53DE7,1708690137392,2024-02-23T14:08:57,14.05,0.7360676,-0.09246731,-0.6703875,0.0153253805
MetaWearE7,FEAC84C53DE7,1708690137422,2024-02-23T14:08:57,14.08,0.7387578,-0.09213099,-0.6674681,0.015336802
MetaWearE7,FEAC84C53DE7,1708690137432,2024-02-23T14:08:57,14.09,0.74126923,-0.09165496,-0.6647556,0.014811044
MetaWearE7,FEAC84C53DE7,1708690137442,2024-02-23T14:08:57,14.1,0.7437956,-0.09122185,-0.66199875,0.0142984325
MetaWearE7,FEAC84C53DE7,1708690137452,2024-02-23T14:08:57,14.11,0.74537635,-0.0907805,-0.66028124,0.014199664
MetaWearE7,FEAC84C53DE7,1708690137462,2024-02-23T14:08:57,14.12,0.7461612,-0.090417065,-0.659441,0.014344157
MetaWearE7,FEAC84C53DE7,1708690137472,2024-02-23T14:08:57,14.13,0.746452,-0.09030869,-0.65912265,0.014533963
MetaWearE7,FEAC84C53DE7,1708690137482,2024-02-23T14:08:57,14.14,0.7464262,-0.0902556,-0.6591535,0.0147815505
MetaWearE7,FEAC84C53DE7,1708690137502,2024-02-23T14:08:57,14.16,0.74607784,-0.090152316,-0.6595519,0.015224378
MetaWearE7,FEAC84C53DE7,1708690137512,2024-02-23T14:08:57,14.17,0.74594665,-0.09008879,-0.65970504,0.015393338
MetaWearE7,FEAC84C53DE7,1708690137522,2024-02-23T14:08:57,14.18,0.74588513,-0.09002668,-0.65977967,0.015540731
MetaWearE7,FEAC84C53DE7,1708690137532,2024-02-23T14:08:57,14.19,0.74589884,-0.089912795,-0.6597772,0.015641456
MetaWearE7,FEAC84C53DE7,1708690137542,2024-02-23T14:08:57,14.2,0.74595964,-0.08978429,-0.65972346,0.01574992
MetaWearE7,FEAC84C53DE7,1708690137552,2024-02-23T14:08:57,14.21,0.74605364,-0.08964037,-0.6596344,0.015847888
MetaWearE7,FEAC84C53DE7,1708690137562,2024-02-23T14:08:57,14.22,0.7461632,-0.08949596,-0.65952796,0.015936567
MetaWearE7,FEAC84C53DE7,1708690137582,2024-02-23T14:08:57,14.24,0.7463644,-0.08924194,-0.6593316,0.016061377
MetaWearE7,FEAC84C53DE7,1708690137592,2024-02-23T14:08:57,14.25,0.7464476,-0.089136206,-0.6592508,0.01609827
MetaWearE7,FEAC84C53DE7,1708690137602,2024-02-23T14:08:57,14.26,0.74651694,-0.08905418,-0.65918314,0.016110174
MetaWearE7,FEAC84C53DE7,1708690137622,2024-02-23T14:08:57,14.28,0.74664545,-0.088953584,-0.65905166,0.016087687
MetaWearE7,FEAC84C53DE7,1708690137632,2024-02-23T14:08:57,14.29,0.74673873,-0.0888859,-0.6589546,0.016105292
MetaWearE7,FEAC84C53DE7,1708690137642,2024-02-23T14:08:57,14.3,0.7468561,-0.088818334,-0.65883046,0.016120374
MetaWearE7,FEAC84C53DE7,1708690137662,2024-02-23T14:08:57,14.32,0.74712825,-0.08869719,-0.6585373,0.01614801
MetaWearE7,FEAC84C53DE7,1708690137672,2024-02-23T14:08:57,14.33,0.7472816,-0.08864607,-0.6583701,0.016150856
MetaWearE7,FEAC84C53DE7,1708690137682,2024-02-23T14:08:57,14.34,0.74743474,-0.08859306,-0.65820336,0.016151514
MetaWearE7,FEAC84C53DE7,1708690137702,2024-02-23T14:08:57,14.36,0.7477472,-0.088565566,-0.6578538,0.016083512
MetaWearE7,FEAC84C53DE7,1708690137712,2024-02-23T14:08:57,14.37,0.74792457,-0.08855369,-0.6576547,0.016047474
MetaWearE7,FEAC84C53DE7,1708690137722,2024-02-23T14:08:57,14.38,0.74811023,-0.08854101,-0.6574461,0.01600989
MetaWearE7,FEAC84C53DE7,1708690137732,2024-02-23T14:08:57,14.39,0.74830896,-0.08852903,-0.6572224,0.015970679
MetaWearE7,FEAC84C53DE7,1708690137752,2024-02-23T14:08:57,14.41,0.7487294,-0.08851127,-0.6567477,0.015891926
MetaWearE7,FEAC84C53DE7,1708690137762,2024-02-23T14:08:57,14.42,0.748955,-0.0885012,-0.6564928,0.01584898
MetaWearE7,FEAC84C53DE7,1708690137772,2024-02-23T14:08:57,14.43,0.7491815,-0.08848854,-0.6562371,0.015803909
MetaWearE7,FEAC84C53DE7,1708690137782,2024-02-23T14:08:57,14.44,0.749402,-0.08852545,-0.6559824,0.015719406
MetaWearE7,FEAC84C53DE7,1708690137792,2024-02-23T14:08:57,14.45,0.7496478,-0.08855586,-0.6556993,0.015639337
MetaWearE7,FEAC84C53DE7,1708690137802,2024-02-23T14:08:57,14.46,0.7499022,-0.08855151,-0.65541196,0.015511843
MetaWearE7,FEAC84C53DE7,1708690137812,2024-02-23T14:08:57,14.47,0.75014037,-0.08854424,-0.6551433,0.0153837465
MetaWearE7,FEAC84C53DE7,1708690137842,2024-02-23T14:08:57,14.5,0.7507087,-0.08861036,-0.6544897,0.015099063
MetaWearE7,FEAC84C53DE7,1708690137862,2024-02-23T14:08:57,14.52,0.7510339,-0.08869643,-0.65410864,0.014934239
MetaWearE7,FEAC84C53DE7,1708690137882,2024-02-23T14:08:57,14.54,0.75134677,-0.088801794,-0.6537392,0.01473921
MetaWearE7,FEAC84C53DE7,1708690137892,2024-02-23T14:08:57,14.55,0.75149405,-0.0888585,-0.65356445,0.014642577
MetaWearE7,FEAC84C53DE7,1708690137912,2024-02-23T14:08:57,14.57,0.7517834,-0.088999406,-0.653217,0.01443431
MetaWearE7,FEAC84C53DE7,1708690137922,2024-02-23T14:08:57,14.58,0.75191796,-0.0890673,-0.6530551,0.014335157
MetaWearE7,FEAC84C53DE7,1708690137932,2024-02-23T14:08:57,14.59,0.75204015,-0.08910268,-0.6529126,0.01419925
MetaWearE7,FEAC84C53DE7,1708690137942,2024-02-23T14:08:57,14.6,0.75215584,-0.08917766,-0.6527712,0.014100913
MetaWearE7,FEAC84C53DE7,1708690137952,2024-02-23T14:08:57,14.61,0.7522797,-0.08921526,-0.6526261,0.01396622
MetaWearE7,FEAC84C53DE7,1708690137962,2024-02-23T14:08:57,14.62,0.75241727,-0.0892427,-0.6524667,0.0138253905
MetaWearE7,FEAC84C53DE7,1708690137972,2024-02-23T14:08:57,14.63,0.7525755,-0.089255825,-0.6522854,0.01369039
MetaWearE7,FEAC84C53DE7,1708690138002,2024-02-23T14:08:58,14.66,0.75298285,-0.089268096,-0.65181804,0.013463115
MetaWearE7,FEAC84C53DE7,1708690138012,2024-02-23T14:08:58,14.67,0.7530453,-0.08924172,-0.65175,0.013435645
MetaWearE7,FEAC84C53DE7,1708690138022,2024-02-23T14:08:58,14.68,0.7530767,-0.089206204,-0.65171915,0.013409119
MetaWearE7,FEAC84C53DE7,1708690138032,2024-02-23T14:08:58,14.69,0.75304353,-0.08917229,-0.6517624,0.0133942105
MetaWearE7,FEAC84C53DE7,1708690138042,2024-02-23T14:08:58,14.7,0.75296324,-0.08914216,-0.65185946,0.013387025
MetaWearE7,FEAC84C53DE7,1708690138602,2024-02-23T14:08:58,15.26,0.7512452,-0.088906154,-0.6538648,0.013684819
MetaWearE7,FEAC84C53DE7,1708690138612,2024-02-23T14:08:58,15.27,0.751287,-0.088907026,-0.65381676,0.013679136
MetaWearE7,FEAC84C53DE7,1708690138632,2024-02-23T14:08:58,15.29,0.751287,-0.088907026,-0.65381676,0.013679136
MetaWearE7,FEAC84C53DE7,1708690138642,2024-02-23T14:08:58,15.3,0.75133175,-0.088907965,-0.6537653,0.01367305
MetaWearE7,FEAC84C53DE7,1708690138652,2024-02-23T14:08:58,15.31,0.7513799,-0.08890897,-0.65370995,0.013666498
MetaWearE7,FEAC84C53DE7,1708690138662,2024-02-23T14:08:58,15.32,0.7514315,-0.08891005,-0.65365064,0.013659476
MetaWearE7,FEAC84C53DE7,1708690138672,2024-02-23T14:08:58,15.33,0.75147283,-0.088910915,-0.6536032,0.0136538595
MetaWearE7,FEAC84C53DE7,1708690138682,2024-02-23T14:08:58,15.34,0.75147283,-0.088910915,-0.6536032,0.0136538595
MetaWearE7,FEAC84C53DE7,1708690138692,2024-02-23T14:08:58,15.35,0.75147283,-0.088910915,-0.6536032,0.0136538595
MetaWearE7,FEAC84C53DE7,1708690138712,2024-02-23T14:08:58,15.37,0.75147283,-0.088910915,-0.6536032,0.0136538595
MetaWearE7,FEAC84C53DE7,1708690138722,2024-02-23T14:08:58,15.38,0.75147283,-0.088910915,-0.6536032,0.0136538595
MetaWearE7,FEAC84C53DE7,1708690138732,2024-02-23T14:08:58,15.39,0.75147283,-0.088910915,-0.6536032,0.0136538595
MetaWearE7,FEAC84C53DE7,1708690138742,2024-02-23T14:08:58,15.4,0.75147283,-0.088910915,-0.6536032,0.0136538595
MetaWearE7,FEAC84C53DE7,1708690138752,2024-02-23T14:08:58,15.41,0.75147283,-0.088910915,-0.6536032,0.0136538595
MetaWearE7,FEAC84C53DE7,1708690138762,2024-02-23T14:08:58,15.42,0.75147283,-0.088910915,-0.6536032,0.0136538595
MetaWearE7,FEAC84C53DE7,1708690138772,2024-02-23T14:08:58,15.43,0.75147283,-0.088910915,-0.6536032,0.0136538595
MetaWearE7,FEAC84C53DE7,1708690138792,2024-02-23T14:08:58,15.45,0.75147283,-0.088910915,-0.6536032,0.0136538595
MetaWearE7,FEAC84C53DE7,1708690138822,2024-02-23T14:08:58,15.48,0.75147283,-0.088910915,-0.6536032,0.0136538595
MetaWearE7,FEAC84C53DE7,1708690138832,2024-02-23T14:08:58,15.49,0.751428,-0.088909976,-0.6536546,0.01365994
MetaWearE7,FEAC84C53DE7,1708690138842,2024-02-23T14:08:58,15.5,0.7513626,-0.08890861,-0.65372974,0.0136688305
MetaWearE7,FEAC84C53DE7,1708690138852,2024-02-23T14:08:58,15.51,0.7513086,-0.08890748,-0.65379184,0.013676179
MetaWearE7,FEAC84C53DE7,1708690138872,2024-02-23T14:08:58,15.53,0.7512226,-0.088905685,-0.6538907,0.013687876
MetaWearE7,FEAC84C53DE7,1708690138882,2024-02-23T14:08:58,15.54,0.7512226,-0.088905685,-0.6538907,0.013687876
MetaWearE7,FEAC84C53DE7,1708690138892,2024-02-23T14:08:58,15.55,0.7512226,-0.088905685,-0.6538907,0.013687876
MetaWearE7,FEAC84C53DE7,1708690138902,2024-02-23T14:08:58,15.56,0.75116754,-0.08890453,-0.65395397,0.013695362
MetaWearE7,FEAC84C53DE7,1708690138912,2024-02-23T14:08:58,15.57,0.75110674,-0.088903256,-0.6540238,0.013703628
MetaWearE7,FEAC84C53DE7,1708690138922,2024-02-23T14:08:58,15.58,0.7510379,-0.08890181,-0.65410286,0.013712986
MetaWearE7,FEAC84C53DE7,1708690138932,2024-02-23T14:08:58,15.59,0.7509725,-0.08890044,-0.65417796,0.013721876
MetaWearE7,FEAC84C53DE7,1708690138952,2024-02-23T14:08:58,15.61,0.7508486,-0.08889784,-0.65432024,0.013738719
MetaWearE7,FEAC84C53DE7,1708690138972,2024-02-23T14:08:58,15.63,0.75073254,-0.088895395,-0.6544532,0.013754468
MetaWearE7,FEAC84C53DE7,1708690138982,2024-02-23T14:08:58,15.64,0.7506361,-0.08889337,-0.65456384,0.013767568
MetaWearE7,FEAC84C53DE7,1708690138992,2024-02-23T14:08:58,15.65,0.7505086,-0.08889069,-0.65471005,0.01378488
MetaWearE7,FEAC84C53DE7,1708690139002,2024-02-23T14:08:59,15.66,0.75036734,-0.088887714,-0.654872,0.013804062
MetaWearE7,FEAC84C53DE7,1708690139032,2024-02-23T14:08:59,15.69,0.74990976,-0.088878065,-0.655396,0.013866145
MetaWearE7,FEAC84C53DE7,1708690139042,2024-02-23T14:08:59,15.7,0.74975395,-0.088874765,-0.65557414,0.013887264
MetaWearE7,FEAC84C53DE7,1708690139052,2024-02-23T14:08:59,15.71,0.7495883,-0.088871256,-0.65576357,0.013909717
MetaWearE7,FEAC84C53DE7,1708690139062,2024-02-23T14:08:59,15.72,0.7494192,-0.08886767,-0.65595686,0.013932638
MetaWearE7,FEAC84C53DE7,1708690139602,2024-02-23T14:08:59,16.26,0.711391,-0.050284192,-0.7009953,1.83E-04
MetaWearE7,FEAC84C53DE7,1708690139622,2024-02-23T14:08:59,16.28,0.71094054,-0.046411842,-0.7016696,-0.008316704
MetaWearE7,FEAC84C53DE7,1708690139632,2024-02-23T14:08:59,16.29,0.7107292,-0.044447824,-0.70194817,-0.0125341965
MetaWearE7,FEAC84C53DE7,1708690139642,2024-02-23T14:08:59,16.3,0.71055025,-0.042415988,-0.70216095,-0.017005922
MetaWearE7,FEAC84C53DE7,1708690139652,2024-02-23T14:08:59,16.31,0.7104251,-0.04028228,-0.7022825,-0.021746684
MetaWearE7,FEAC84C53DE7,1708690139662,2024-02-23T14:08:59,16.32,0.71033084,-0.038028207,-0.7023293,-0.026788536
MetaWearE7,FEAC84C53DE7,1708690139682,2024-02-23T14:08:59,16.34,0.7101636,-0.03337485,-0.7022338,-0.037702516
MetaWearE7,FEAC84C53DE7,1708690139692,2024-02-23T14:08:59,16.35,0.7099963,-0.031136524,-0.7021818,-0.04331732
MetaWearE7,FEAC84C53DE7,1708690139702,2024-02-23T14:08:59,16.36,0.70976776,-0.02888656,-0.70213044,-0.049072124
MetaWearE7,FEAC84C53DE7,1708690139712,2024-02-23T14:08:59,16.37,0.70944583,-0.026680982,-0.70212203,-0.054766223
MetaWearE7,FEAC84C53DE7,1708690139732,2024-02-23T14:08:59,16.39,0.7083195,-0.02246426,-0.7024971,-0.06539571
MetaWearE7,FEAC84C53DE7,1708690139742,2024-02-23T14:08:59,16.4,0.70737904,-0.020506155,-0.70305854,-0.07002213
MetaWearE7,FEAC84C53DE7,1708690139762,2024-02-23T14:08:59,16.42,0.7051432,-0.016778808,-0.7046171,-0.077500924
MetaWearE7,FEAC84C53DE7,1708690139772,2024-02-23T14:08:59,16.43,0.70402044,-0.014937793,-0.7054354,-0.08057937
MetaWearE7,FEAC84C53DE7,1708690139782,2024-02-23T14:08:59,16.44,0.702964,-0.013095174,-0.70621455,-0.08325342
MetaWearE7,FEAC84C53DE7,1708690139792,2024-02-23T14:08:59,16.45,0.7019263,-0.01132365,-0.70699775,-0.08558922
MetaWearE7,FEAC84C53DE7,1708690139802,2024-02-23T14:08:59,16.46,0.7008963,-0.009639814,-0.70779544,-0.0876187
MetaWearE7,FEAC84C53DE7,1708690139812,2024-02-23T14:08:59,16.47,0.69988525,-0.007957665,-0.7085734,-0.08956031
MetaWearE7,FEAC84C53DE7,1708690140002,2024-02-23T14:09:00,16.66,0.6970447,-0.0091508245,-0.70618796,-0.12386918
MetaWearE7,FEAC84C53DE7,1708690140012,2024-02-23T14:09:00,16.67,0.6971539,-0.010392266,-0.70607704,-0.12378849
MetaWearE7,FEAC84C53DE7,1708690140022,2024-02-23T14:09:00,16.68,0.6969779,-0.011642562,-0.70630753,-0.12335273
MetaWearE7,FEAC84C53DE7,1708690140032,2024-02-23T14:09:00,16.69,0.6965696,-0.012902607,-0.70684165,-0.12247158
MetaWearE7,FEAC84C53DE7,1708690140042,2024-02-23T14:09:00,16.7,0.69599086,-0.0141218845,-0.7076037,-0.12122018
MetaWearE7,FEAC84C53DE7,1708690140052,2024-02-23T14:09:00,16.71,0.69529116,-0.01535637,-0.70852226,-0.11971043
MetaWearE7,FEAC84C53DE7,1708690140062,2024-02-23T14:09:00,16.72,0.6946024,-0.016603215,-0.7094466,-0.11805606
MetaWearE7,FEAC84C53DE7,1708690140082,2024-02-23T14:09:00,16.74,0.6939173,-0.018994847,-0.7105587,-0.11499665
MetaWearE7,FEAC84C53DE7,1708690140092,2024-02-23T14:09:00,16.75,0.693993,-0.020080935,-0.71065044,-0.11378246
MetaWearE7,FEAC84C53DE7,1708690140102,2024-02-23T14:09:00,16.76,0.6942132,-0.021077577,-0.7105628,-0.11280138
MetaWearE7,FEAC84C53DE7,1708690140112,2024-02-23T14:09:00,16.77,0.6945685,-0.021940855,-0.71034646,-0.11180821
MetaWearE7,FEAC84C53DE7,1708690140122,2024-02-23T14:09:00,16.78,0.69493365,-0.022726307,-0.71013474,-0.11072173
MetaWearE7,FEAC84C53DE7,1708690140132,2024-02-23T14:09:00,16.79,0.6951837,-0.023436388,-0.7100522,-0.10952725
MetaWearE7,FEAC84C53DE7,1708690140142,2024-02-23T14:09:00,16.8,0.69535214,-0.024042968,-0.71008146,-0.10812798
MetaWearE7,FEAC84C53DE7,1708690140192,2024-02-23T14:09:00,16.85,0.69686913,-0.025736427,-0.70966786,-0.1004118
MetaWearE7,FEAC84C53DE7,1708690140202,2024-02-23T14:09:00,16.86,0.69785,-0.026044102,-0.7089226,-0.09877147
MetaWearE7,FEAC84C53DE7,1708690140222,2024-02-23T14:09:00,16.88,0.6993236,-0.026746254,-0.7079671,-0.09494049
MetaWearE7,FEAC84C53DE7,1708690140242,2024-02-23T14:09:00,16.9,0.69841087,-0.027955951,-0.7094848,-0.08984373
MetaWearE7,FEAC84C53DE7,1708690140252,2024-02-23T14:09:00,16.91,0.69728875,-0.028813211,-0.7109145,-0.08694064
MetaWearE7,FEAC84C53DE7,1708690140262,2024-02-23T14:09:00,16.92,0.69611764,-0.029765638,-0.7123555,-0.08416573
MetaWearE7,FEAC84C53DE7,1708690140272,2024-02-23T14:09:00,16.93,0.69523257,-0.030615548,-0.7134606,-0.081781
